,Municipality Name,Barangay Name,Population percentage (2020),Population (2020),Population (2015),Change (2015‑2020),Annual Population Growth Rate (2015‑2020),Postal Code,Coastal/Landlocked,Marine Waterbodies,Coordinates,Estimated Elevation above sea level
0,Angeles,Agapito del Rosario,0.55%,"2,556","3,230",-20.87%,-4.81%,2009,landlocked,none (landlocked),"15.1433, 120.5887 (15° 9' North, 120° 35' East)",103.1 meters (338.3 feet)
1,Angeles,Amsic,3.66%,"16,953","14,379",17.90%,3.53%,2009,landlocked,none (landlocked),"15.1588, 120.5679 (15° 10' North, 120° 34' East)",121.7 meters (399.3 feet)
2,Angeles,Anunas,5.63%,"26,063","20,911",24.64%,4.74%,2009,landlocked,none (landlocked),"15.1559, 120.5551 (15° 9' North, 120° 33' East)",138.6 meters (454.7 feet)
3,Angeles,Balibago,9.13%,"42,274","40,087",5.46%,1.12%,2009,landlocked,none (landlocked),"15.1663, 120.5901 (15° 10' North, 120° 35' East)",103.4 meters (339.2 feet)
4,Angeles,Capaya,2.72%,"12,602","8,870",42.07%,7.67%,2009,landlocked,none (landlocked),"15.1456, 120.6173 (15° 9' North, 120° 37' East)",73.2 meters (240.2 feet)
5,Angeles,Claro M. Recto,1.11%,"5,149","3,981",29.34%,5.56%,2009,landlocked,none (landlocked),"15.1472, 120.5927 (15° 9' North, 120° 36' East)",95.7 meters (314.0 feet)
6,Angeles,Cuayan,3.25%,"15,046","10,363",45.19%,8.16%,2009,landlocked,none (landlocked),"15.1466, 120.5486 (15° 9' North, 120° 33' East)",151.9 meters (498.4 feet)
7,Angeles,Cutcut,6.11%,"28,296","27,843",1.63%,0.34%,2009,landlocked,none (landlocked),"15.1376, 120.5821 (15° 8' North, 120° 35' East)",103.4 meters (339.2 feet)
8,Angeles,Cutud,5.36%,"24,821","23,177",7.09%,1.45%,2009,landlocked,none (landlocked),"15.1750, 120.6267 (15° 11' North, 120° 38' East)",73.9 meters (242.5 feet)
9,Angeles,Lourdes North West,2.17%,"10,054","9,896",1.60%,0.33%,2009,landlocked,none (landlocked),"15.1442, 120.5842 (15° 9' North, 120° 35' East)",107.0 meters (351.0 feet)
10,Angeles,Lourdes Sur,1.05%,"4,879","4,797",1.71%,0.36%,2009,landlocked,none (landlocked),"15.1403, 120.5902 (15° 8' North, 120° 35' East)",98.5 meters (323.2 feet)
11,Angeles,Lourdes Sur East,0.79%,"3,639","4,741",-23.24%,-5.42%,2009,landlocked,none (landlocked),"15.1435, 120.5940 (15° 9' North, 120° 36' East)",90.8 meters (297.9 feet)
12,Angeles,Malabanias,6.45%,"29,841","33,174",-10.05%,-2.20%,2009,landlocked,none (landlocked),"15.1577, 120.5830 (15° 9' North, 120° 35' East)",107.2 meters (351.7 feet)
13,Angeles,Margot,2.64%,"12,229","5,239",133.42%,19.53%,2009,landlocked,none (landlocked),"15.1708, 120.5355 (15° 10' North, 120° 32' East)",179.9 meters (590.2 feet)
14,Angeles,Mining,1.14%,"5,265","3,186",65.25%,11.15%,2009,landlocked,none (landlocked),"15.1402, 120.6134 (15° 8' North, 120° 37' East)",76.1 meters (249.7 feet)
15,Angeles,Ninoy Aquino,2.45%,"11,337","11,658",-2.75%,-0.59%,2009,landlocked,none (landlocked),"15.1503, 120.5962 (15° 9' North, 120° 36' East)",92.8 meters (304.5 feet)
16,Angeles,Pampang,5.33%,"24,653","20,419",20.74%,4.05%,2009,landlocked,none (landlocked),"15.1482, 120.5745 (15° 9' North, 120° 34' East)",116.2 meters (381.2 feet)
17,Angeles,Pandan,5.17%,"23,928","20,598",16.17%,3.20%,2009,landlocked,none (landlocked),"15.1473, 120.6053 (15° 9' North, 120° 36' East)",83.6 meters (274.3 feet)
18,Angeles,Pulung Cacutud,5.48%,"25,385","23,891",6.25%,1.28%,2009,landlocked,none (landlocked),"15.1644, 120.6172 (15° 10' North, 120° 37' East)",76.6 meters (251.3 feet)
19,Angeles,Pulung Maragul,4.47%,"20,675","18,067",14.44%,2.88%,2009,landlocked,none (landlocked),"15.1652, 120.6032 (15° 10' North, 120° 36' East)",88.1 meters (289.0 feet)
20,Angeles,Pulungbulu,2.81%,"13,025","12,198",6.78%,1.39%,2009,landlocked,none (landlocked),"15.1302, 120.6082 (15° 8' North, 120° 36' East)",78.7 meters (258.2 feet)
21,Angeles,Salapungan,1.14%,"5,298","5,443",-2.66%,-0.57%,2009,landlocked,none (landlocked),"15.1479, 120.5977 (15° 9' North, 120° 36' East)",91.4 meters (299.9 feet)
22,Angeles,San Jose,1.55%,"7,187","5,579",28.82%,5.48%,2009,landlocked,none (landlocked),"15.1311, 120.5942 (15° 8' North, 120° 36' East)",89.8 meters (294.6 feet)
23,Angeles,San Nicolas,1.04%,"4,811","3,424",40.51%,7.42%,2009,landlocked,none (landlocked),"15.1390, 120.5855 (15° 8' North, 120° 35' East)",103.3 meters (338.9 feet)
24,Angeles,Santa Teresita,1.98%,"9,164","8,402",9.07%,1.84%,2009,landlocked,none (landlocked),"15.1493, 120.5872 (15° 9' North, 120° 35' East)",105.7 meters (346.8 feet)
25,Angeles,Santa Trinidad,1.34%,"6,208","5,036",23.27%,4.50%,2009,landlocked,none (landlocked),"15.1419, 120.5823 (15° 9' North, 120° 35' East)",103.4 meters (339.2 feet)
26,Angeles,Santo Cristo,0.88%,"4,060","4,222",-3.84%,-0.82%,2009,landlocked,none (landlocked),"15.1406, 120.5983 (15° 8' North, 120° 36' East)",89.3 meters (293.0 feet)
27,Angeles,Santo Domingo,4.03%,"18,672","17,693",5.53%,1.14%,2009,landlocked,none (landlocked),"15.1277, 120.6002 (15° 8' North, 120° 36' East)",84.3 meters (276.6 feet)
28,Angeles,Santo Rosario,1.26%,"5,835","4,902",19.03%,3.74%,2009,landlocked,none (landlocked),"15.1355, 120.5873 (15° 8' North, 120° 35' East)",99.7 meters (327.1 feet)
29,Angeles,Sapalibutad,3.08%,"14,280","12,698",12.46%,2.50%,2009,landlocked,none (landlocked),"15.1582, 120.6304 (15° 9' North, 120° 38' East)",63.7 meters (209.0 feet)
30,Angeles,Sapangbato,3.01%,"13,912","10,965",26.88%,5.14%,2009,landlocked,none (landlocked),"15.1701, 120.5142 (15° 10' North, 120° 31' East)",222.9 meters (731.3 feet)
31,Angeles,Tabun,2.95%,"13,656","10,914",25.12%,4.83%,2009,landlocked,none (landlocked),"15.1499, 120.6146 (15° 9' North, 120° 37' East)",73.2 meters (240.2 feet)
32,Angeles,Virgen Delos Remedios,0.25%,"1,175","1,651",-28.83%,-6.91%,2009,landlocked,none (landlocked),"15.1500, 120.5919 (15° 9' North, 120° 36' East)",100.1 meters (328.4 feet)
0,Olongapo,Asinan,1.34%,"3,485","3,445",1.16%,0.24%,2200,coastal,Subic Bay [South China Sea],"14.8285, 120.2849 (14° 50' North, 120° 17' East)",8.8 meters (28.9 feet)
1,Olongapo,Banicain,2.91%,"7,563","6,851",10.39%,2.10%,2200,coastal,Subic Bay [South China Sea],"14.8285, 120.2756 (14° 50' North, 120° 17' East)",7.2 meters (23.6 feet)
2,Olongapo,Barreto,8.37%,"21,794","19,340",12.69%,2.55%,2200,coastal,Subic Bay [South China Sea],"14.8510, 120.2631 (14° 51' North, 120° 16' East)",12.7 meters (41.7 feet)
3,Olongapo,East Bajac-bajac,7.45%,"19,387","17,165",12.94%,2.60%,2200,coastal,Subic Bay [South China Sea],"14.8429, 120.2912 (14° 51' North, 120° 17' East)",15.3 meters (50.2 feet)
4,Olongapo,East Tapinac,3.82%,"9,952","9,253",7.55%,1.54%,2200,coastal,Subic Bay [South China Sea],"14.8329, 120.2854 (14° 50' North, 120° 17' East)",10.8 meters (35.4 feet)
5,Olongapo,Gordon Heights,11.80%,"30,729","27,874",10.24%,2.07%,2200,coastal,Subic Bay [South China Sea],"14.8685, 120.2920 (14° 52' North, 120° 18' East)",61.1 meters (200.5 feet)
6,Olongapo,Kalaklan,5.65%,"14,703","13,137",11.92%,2.40%,2200,coastal,Subic Bay [South China Sea],"14.8304, 120.2733 (14° 50' North, 120° 16' East)",26.8 meters (87.9 feet)
7,Olongapo,Mabayuan,4.78%,"12,436","10,622",17.08%,3.37%,2200,coastal,Subic Bay [South China Sea],"14.8427, 120.2819 (14° 51' North, 120° 17' East)",8.5 meters (27.9 feet)
8,Olongapo,New Cabalan,12.81%,"33,349","27,714",20.33%,3.97%,2200,coastal,Subic Bay [South China Sea],"14.8509, 120.3240 (14° 51' North, 120° 19' East)",138.2 meters (453.4 feet)
9,Olongapo,New Ilalim,0.60%,"1,561","1,518",2.83%,0.59%,2200,coastal,Subic Bay [South China Sea],"14.8339, 120.2785 (14° 50' North, 120° 17' East)",10.9 meters (35.8 feet)
10,Olongapo,New Kababae,0.93%,"2,422","2,404",0.75%,0.16%,2200,coastal,Subic Bay [South China Sea],"14.8321, 120.2775 (14° 50' North, 120° 17' East)",11.0 meters (36.1 feet)
11,Olongapo,New Kalalake,3.96%,"10,296","9,808",4.98%,1.03%,2200,coastal,Subic Bay [South China Sea],"14.8311, 120.2888 (14° 50' North, 120° 17' East)",11.1 meters (36.4 feet)
12,Olongapo,Old Cabalan,8.99%,"23,401","19,274",21.41%,4.17%,2200,coastal,Subic Bay [South China Sea],"14.8485, 120.3149 (14° 51' North, 120° 19' East)",29.3 meters (96.1 feet)
13,Olongapo,Pag-asa,2.53%,"6,593","6,070",8.62%,1.75%,2200,coastal,Subic Bay [South China Sea],"14.8270, 120.2867 (14° 50' North, 120° 17' East)",8.4 meters (27.6 feet)
14,Olongapo,Santa Rita,18.07%,"47,034","43,632",7.80%,1.59%,2200,coastal,Subic Bay [South China Sea],"14.8485, 120.2918 (14° 51' North, 120° 18' East)",11.9 meters (39.0 feet)
15,Olongapo,West Bajac-bajac,3.24%,"8,433","8,007",5.32%,1.10%,2200,coastal,Subic Bay [South China Sea],"14.8411, 120.2839 (14° 50' North, 120° 17' East)",10.0 meters (32.8 feet)
16,Olongapo,West Tapinac,2.76%,"7,179","6,926",3.65%,0.76%,2200,coastal,Subic Bay [South China Sea],"14.8322, 120.2799 (14° 50' North, 120° 17' East)",13.0 meters (42.7 feet)
0,Lucena,Barangay 1,0.93%,"2,584","2,874",-10.09%,-2.21%,4301,coastal,Tayabas Bay [Sibuyan Sea],"13.9399, 121.6120 (13° 56' North, 121° 37' East)",22.4 meters (73.5 feet)
1,Lucena,Barangay 10,1.85%,"5,152","5,597",-7.95%,-1.73%,4301,coastal,Tayabas Bay [Sibuyan Sea],"13.9288, 121.6151 (13° 56' North, 121° 37' East)",14.4 meters (47.2 feet)
2,Lucena,Barangay 11,0.73%,"2,025","1,803",12.31%,2.47%,4301,coastal,Tayabas Bay [Sibuyan Sea],"13.9418, 121.6135 (13° 57' North, 121° 37' East)",24.8 meters (81.4 feet)
3,Lucena,Barangay 2,0.43%,"1,195","1,640",-27.13%,-6.45%,4301,coastal,Tayabas Bay [Sibuyan Sea],"13.9388, 121.6145 (13° 56' North, 121° 37' East)",23.1 meters (75.8 feet)
4,Lucena,Barangay 3,0.41%,"1,149","1,238",-7.19%,-1.56%,4301,coastal,Tayabas Bay [Sibuyan Sea],"13.9373, 121.6114 (13° 56' North, 121° 37' East)",18.5 meters (60.7 feet)
5,Lucena,Barangay 4,1.04%,"2,910","3,399",-14.39%,-3.22%,4301,coastal,Tayabas Bay [Sibuyan Sea],"13.9364, 121.6162 (13° 56' North, 121° 37' East)",10.9 meters (35.8 feet)
6,Lucena,Barangay 5,0.85%,"2,375","3,055",-22.26%,-5.16%,4301,coastal,Tayabas Bay [Sibuyan Sea],"13.9355, 121.6107 (13° 56' North, 121° 37' East)",16.4 meters (53.8 feet)
7,Lucena,Barangay 6,0.23%,650,914,-28.88%,-6.92%,4301,coastal,Tayabas Bay [Sibuyan Sea],"13.9341, 121.6144 (13° 56' North, 121° 37' East)",16.5 meters (54.1 feet)
8,Lucena,Barangay 7,0.80%,"2,229","2,701",-17.48%,-3.96%,4301,coastal,Tayabas Bay [Sibuyan Sea],"13.9332, 121.6109 (13° 56' North, 121° 37' East)",16.0 meters (52.5 feet)
9,Lucena,Barangay 8,1.43%,"4,001","4,399",-9.05%,-1.98%,4301,coastal,Tayabas Bay [Sibuyan Sea],"13.9305, 121.6115 (13° 56' North, 121° 37' East)",13.8 meters (45.3 feet)
10,Lucena,Barangay 9,1.22%,"3,403","4,250",-19.93%,-4.57%,4301,coastal,Tayabas Bay [Sibuyan Sea],"13.9307, 121.6170 (13° 56' North, 121° 37' East)",12.9 meters (42.3 feet)
11,Lucena,Barra,1.93%,"5,389","4,703",14.59%,2.91%,4301,coastal,Tayabas Bay [Sibuyan Sea],"13.8997, 121.6065 (13° 54' North, 121° 36' East)",6.9 meters (22.6 feet)
12,Lucena,Bocohan,2.28%,"6,362","5,042",26.18%,5.02%,4301,coastal,Tayabas Bay [Sibuyan Sea],"13.9546, 121.5884 (13° 57' North, 121° 35' East)",64.9 meters (212.9 feet)
13,Lucena,Cotta,7.75%,"21,603","21,182",1.99%,0.42%,4301,coastal,Tayabas Bay [Sibuyan Sea],"13.9183, 121.6108 (13° 55' North, 121° 37' East)",6.1 meters (20.0 feet)
14,Lucena,Dalahican,9.09%,"25,346","22,676",11.77%,2.37%,4301,coastal,Tayabas Bay [Sibuyan Sea],"13.9063, 121.6196 (13° 54' North, 121° 37' East)",6.5 meters (21.3 feet)
15,Lucena,Domoit,1.98%,"5,528","4,635",19.27%,3.78%,4301,coastal,Tayabas Bay [Sibuyan Sea],"13.9610, 121.6006 (13° 58' North, 121° 36' East)",47.6 meters (156.2 feet)
16,Lucena,Gulang-gulang,10.18%,"28,405","28,644",-0.83%,-0.18%,4301,coastal,Tayabas Bay [Sibuyan Sea],"13.9522, 121.6126 (13° 57' North, 121° 37' East)",37.6 meters (123.4 feet)
17,Lucena,Ibabang Dupay,10.08%,"28,119","31,867",-11.76%,-2.60%,4301,coastal,Tayabas Bay [Sibuyan Sea],"13.9414, 121.6235 (13° 56' North, 121° 37' East)",25.6 meters (84.0 feet)
18,Lucena,Ibabang Iyam,10.07%,"28,078","25,718",9.18%,1.87%,4301,coastal,Tayabas Bay [Sibuyan Sea],"13.9329, 121.6011 (13° 56' North, 121° 36' East)",22.8 meters (74.8 feet)
19,Lucena,Ibabang Talim,1.37%,"3,815","3,367",13.31%,2.66%,4301,coastal,Tayabas Bay [Sibuyan Sea],"13.9151, 121.5779 (13° 55' North, 121° 35' East)",17.8 meters (58.4 feet)
20,Lucena,Ilayang Dupay,0.88%,"2,444","2,123",15.12%,3.01%,4301,coastal,Tayabas Bay [Sibuyan Sea],"13.9752, 121.6231 (13° 59' North, 121° 37' East)",66.0 meters (216.5 feet)
21,Lucena,Ilayang Iyam,4.36%,"12,170","12,679",-4.01%,-0.86%,4301,coastal,Tayabas Bay [Sibuyan Sea],"13.9374, 121.6050 (13° 56' North, 121° 36' East)",21.1 meters (69.2 feet)
22,Lucena,Ilayang Talim,0.82%,"2,279","1,861",22.46%,4.36%,4301,coastal,Tayabas Bay [Sibuyan Sea],"13.9353, 121.5644 (13° 56' North, 121° 34' East)",63.7 meters (209.0 feet)
23,Lucena,Isabang,5.02%,"14,013","11,218",24.92%,4.79%,4301,coastal,Tayabas Bay [Sibuyan Sea],"13.9491, 121.5821 (13° 57' North, 121° 35' East)",69.0 meters (226.4 feet)
24,Lucena,Market View,4.49%,"12,533","11,983",4.59%,0.95%,4301,coastal,Tayabas Bay [Sibuyan Sea],"13.9341, 121.6191 (13° 56' North, 121° 37' East)",17.6 meters (57.7 feet)
25,Lucena,Mayao Castillo,1.04%,"2,911","3,073",-5.27%,-1.13%,4301,coastal,Tayabas Bay [Sibuyan Sea],"13.9304, 121.6616 (13° 56' North, 121° 40' East)",20.8 meters (68.2 feet)
26,Lucena,Mayao Crossing,6.13%,"17,106","12,352",38.49%,7.09%,4301,coastal,Tayabas Bay [Sibuyan Sea],"13.9249, 121.6216 (13° 55' North, 121° 37' East)",9.8 meters (32.2 feet)
27,Lucena,Mayao Kanluran,4.65%,"12,962","11,241",15.31%,3.04%,4301,coastal,Tayabas Bay [Sibuyan Sea],"13.9478, 121.6351 (13° 57' North, 121° 38' East)",32.7 meters (107.3 feet)
28,Lucena,Mayao Parada,1.43%,"3,996","3,742",6.79%,1.39%,4301,coastal,Tayabas Bay [Sibuyan Sea],"13.9224, 121.6445 (13° 55' North, 121° 39' East)",11.1 meters (36.4 feet)
29,Lucena,Mayao Silangan,3.35%,"9,336","8,849",5.50%,1.13%,4301,coastal,Tayabas Bay [Sibuyan Sea],"13.9544, 121.6469 (13° 57' North, 121° 39' East)",38.1 meters (125.0 feet)
30,Lucena,Ransohan,0.61%,"1,701","1,540",10.45%,2.11%,4301,coastal,Tayabas Bay [Sibuyan Sea],"13.8945, 121.5971 (13° 54' North, 121° 36' East)",6.0 meters (19.7 feet)
31,Lucena,Salinas,0.69%,"1,921","1,724",11.43%,2.30%,4301,coastal,Tayabas Bay [Sibuyan Sea],"13.9049, 121.5766 (13° 54' North, 121° 35' East)",10.4 meters (34.1 feet)
32,Lucena,Talao-talao,1.88%,"5,234","4,159",25.85%,4.96%,4301,coastal,Tayabas Bay [Sibuyan Sea],"13.9107, 121.6459 (13° 55' North, 121° 39' East)",6.0 meters (19.7 feet)
0,Puerto Princesa,Babuyan,0.95%,"2,927","2,472",18.41%,3.62%,5300,coastal,"Sulu Sea, South China Sea","9.9856, 118.9113 (9° 59' North, 118° 55' East)",12.8 meters (42.0 feet)
1,Puerto Princesa,Bacungan,1.94%,"5,969","4,555",31.04%,5.86%,5300,coastal,"Sulu Sea, South China Sea","9.9093, 118.7014 (9° 55' North, 118° 42' East)",16.3 meters (53.5 feet)
2,Puerto Princesa,Bagong Bayan,0.26%,788,827,-4.72%,-1.01%,5300,coastal,"Sulu Sea, South China Sea","9.7592, 118.5116 (9° 46' North, 118° 31' East)",15.5 meters (50.9 feet)
3,Puerto Princesa,Bagong Pag-asa,0.24%,730,750,-2.67%,-0.57%,5300,coastal,"Sulu Sea, South China Sea","9.7433, 118.7303 (9° 45' North, 118° 44' East)",4.5 meters (14.8 feet)
4,Puerto Princesa,Bagong Sikat,2.29%,"7,035","7,497",-6.16%,-1.33%,5300,coastal,"Sulu Sea, South China Sea","9.7314, 118.7426 (9° 44' North, 118° 45' East)",15.1 meters (49.5 feet)
5,Puerto Princesa,Bagong Silang,1.38%,"4,223","5,296",-20.26%,-4.65%,5300,coastal,"Sulu Sea, South China Sea","9.7337, 118.7330 (9° 44' North, 118° 44' East)",13.7 meters (44.9 feet)
6,Puerto Princesa,Bahile,0.87%,"2,667","2,339",14.02%,2.80%,5300,coastal,"Sulu Sea, South China Sea","9.9986, 118.7863 (9° 60' North, 118° 47' East)",28.7 meters (94.2 feet)
7,Puerto Princesa,Bancao-bancao,5.14%,"15,781","13,612",15.93%,3.16%,5300,coastal,"Sulu Sea, South China Sea","9.7369, 118.7565 (9° 44' North, 118° 45' East)",24.9 meters (81.7 feet)
8,Puerto Princesa,Barangay ng mga Mangingisda,2.60%,"7,988","5,350",49.31%,8.80%,5300,coastal,"Sulu Sea, South China Sea","9.6847, 118.7526 (9° 41' North, 118° 45' East)",12.7 meters (41.7 feet)
9,Puerto Princesa,Binduyan,0.49%,"1,519","1,293",17.48%,3.45%,5300,coastal,"Sulu Sea, South China Sea","10.0150, 119.0718 (10° 1' North, 119° 4' East)",13.3 meters (43.6 feet)
10,Puerto Princesa,Buenavista,0.49%,"1,496","1,212",23.43%,4.53%,5300,coastal,"Sulu Sea, South China Sea","10.0673, 118.8129 (10° 4' North, 118° 49' East)",9.1 meters (29.9 feet)
11,Puerto Princesa,Cabayugan,1.22%,"3,754","3,368",11.46%,2.31%,5300,coastal,"Sulu Sea, South China Sea","10.1635, 118.8766 (10° 10' North, 118° 53' East)",26.7 meters (87.6 feet)
12,Puerto Princesa,Concepcion,0.57%,"1,755","1,418",23.77%,4.59%,5300,coastal,"Sulu Sea, South China Sea","9.9980, 118.9990 (9° 60' North, 118° 60' East)",10.9 meters (35.8 feet)
13,Puerto Princesa,Inagawan,0.57%,"1,758","1,623",8.32%,1.70%,5300,coastal,"Sulu Sea, South China Sea","9.5472, 118.6466 (9° 33' North, 118° 39' East)",10.4 meters (34.1 feet)
14,Puerto Princesa,Inagawan Sub-Colony,1.69%,"5,179","4,052",27.81%,5.30%,5300,coastal,"Sulu Sea, South China Sea","9.5501, 118.5984 (9° 33' North, 118° 36' East)",25.5 meters (83.7 feet)
15,Puerto Princesa,Irawan,2.86%,"8,784","6,142",43.02%,7.82%,5300,coastal,"Sulu Sea, South China Sea","9.8010, 118.6971 (9° 48' North, 118° 42' East)",12.2 meters (40.0 feet)
16,Puerto Princesa,Iwahig,1.77%,"5,422","4,527",19.77%,3.87%,5300,coastal,"Sulu Sea, South China Sea","9.7447, 118.6608 (9° 45' North, 118° 40' East)",19.4 meters (63.6 feet)
17,Puerto Princesa,Kalipay,0.16%,500,725,-31.03%,-7.52%,5300,coastal,"Sulu Sea, South China Sea","9.7385, 118.7321 (9° 44' North, 118° 44' East)",18.2 meters (59.7 feet)
18,Puerto Princesa,Kamuning,0.67%,"2,067","1,978",4.50%,0.93%,5300,coastal,"Sulu Sea, South China Sea","9.5276, 118.6362 (9° 32' North, 118° 38' East)",9.5 meters (31.2 feet)
19,Puerto Princesa,Langogan,0.85%,"2,616","2,067",26.56%,5.08%,5300,coastal,"Sulu Sea, South China Sea","10.0291, 119.1234 (10° 2' North, 119° 7' East)",6.1 meters (20.0 feet)
20,Puerto Princesa,Liwanag,0.41%,"1,273","1,202",5.91%,1.22%,5300,coastal,"Sulu Sea, South China Sea","9.7402, 118.7293 (9° 44' North, 118° 44' East)",19.1 meters (62.7 feet)
21,Puerto Princesa,Lucbuan,0.58%,"1,774","1,401",26.62%,5.09%,5300,coastal,"Sulu Sea, South China Sea","9.9920, 118.8748 (9° 60' North, 118° 52' East)",13.8 meters (45.3 feet)
22,Puerto Princesa,Luzviminda,1.18%,"3,636","3,473",4.69%,0.97%,5300,coastal,"Sulu Sea, South China Sea","9.6682, 118.7043 (9° 40' North, 118° 42' East)",26.5 meters (86.9 feet)
23,Puerto Princesa,Mabuhay,0.08%,254,206,23.30%,4.51%,5300,coastal,"Sulu Sea, South China Sea","9.7387, 118.7301 (9° 44' North, 118° 44' East)",7.7 meters (25.3 feet)
24,Puerto Princesa,Macarascas,0.56%,"1,715","1,609",6.59%,1.35%,5300,coastal,"Sulu Sea, South China Sea","10.0187, 118.7955 (10° 1' North, 118° 48' East)",16.6 meters (54.5 feet)
25,Puerto Princesa,Magkakaibigan,0.10%,301,375,-19.73%,-4.52%,5300,coastal,"Sulu Sea, South China Sea","9.7396, 118.7338 (9° 44' North, 118° 44' East)",19.3 meters (63.3 feet)
26,Puerto Princesa,Maligaya,0.09%,272,311,-12.54%,-2.78%,5300,coastal,"Sulu Sea, South China Sea","9.7413, 118.7320 (9° 44' North, 118° 44' East)",20.3 meters (66.6 feet)
27,Puerto Princesa,Manalo,0.91%,"2,792","2,143",30.28%,5.73%,5300,coastal,"Sulu Sea, South China Sea","9.9628, 118.8289 (9° 58' North, 118° 50' East)",8.4 meters (27.6 feet)
28,Puerto Princesa,Mandaragat,3.34%,"10,248","9,210",11.27%,2.27%,5300,coastal,"Sulu Sea, South China Sea","9.7476, 118.7378 (9° 45' North, 118° 44' East)",8.1 meters (26.6 feet)
29,Puerto Princesa,Manggahan,0.19%,569,644,-11.65%,-2.57%,5300,coastal,"Sulu Sea, South China Sea","9.7402, 118.7390 (9° 44' North, 118° 44' East)",20.9 meters (68.6 feet)
30,Puerto Princesa,Maningning,0.29%,892,791,12.77%,2.56%,5300,coastal,"Sulu Sea, South China Sea","9.7401, 118.7413 (9° 44' North, 118° 44' East)",24.2 meters (79.4 feet)
31,Puerto Princesa,Maoyon,0.47%,"1,444","1,281",12.72%,2.55%,5300,coastal,"Sulu Sea, South China Sea","10.0008, 118.8961 (10° 0' North, 118° 54' East)",9.6 meters (31.5 feet)
32,Puerto Princesa,Marufinas,0.24%,737,609,21.02%,4.10%,5300,coastal,"Sulu Sea, South China Sea","10.1878, 118.9806 (10° 11' North, 118° 59' East)","377.9 meters (1,239.8 feet)"
33,Puerto Princesa,Maruyogon,0.61%,"1,868","1,450",28.83%,5.48%,5300,coastal,"Sulu Sea, South China Sea","9.9768, 118.8529 (9° 59' North, 118° 51' East)",8.0 meters (26.2 feet)
34,Puerto Princesa,Masigla,0.19%,585,609,-3.94%,-0.84%,5300,coastal,"Sulu Sea, South China Sea","9.7363, 118.7319 (9° 44' North, 118° 44' East)",10.3 meters (33.8 feet)
35,Puerto Princesa,Masikap,0.32%,968,958,1.04%,0.22%,5300,coastal,"Sulu Sea, South China Sea","9.7387, 118.7355 (9° 44' North, 118° 44' East)",22.4 meters (73.5 feet)
36,Puerto Princesa,Masipag,0.70%,"2,154","1,971",9.28%,1.89%,5300,coastal,"Sulu Sea, South China Sea","9.7337, 118.7357 (9° 44' North, 118° 44' East)",12.9 meters (42.3 feet)
37,Puerto Princesa,Matahimik,0.40%,"1,233","1,228",0.41%,0.09%,5300,coastal,"Sulu Sea, South China Sea","9.7444, 118.7393 (9° 45' North, 118° 44' East)",13.7 meters (44.9 feet)
38,Puerto Princesa,Matiyaga,0.14%,424,413,2.66%,0.55%,5300,coastal,"Sulu Sea, South China Sea","9.7413, 118.7302 (9° 44' North, 118° 44' East)",19.2 meters (63.0 feet)
39,Puerto Princesa,Maunlad,1.42%,"4,369","3,865",13.04%,2.61%,5300,coastal,"Sulu Sea, South China Sea","9.7325, 118.7392 (9° 44' North, 118° 44' East)",23.8 meters (78.1 feet)
40,Puerto Princesa,Milagrosa,1.01%,"3,100","3,100",0.00%,0.00%,5300,coastal,"Sulu Sea, South China Sea","9.7353, 118.7476 (9° 44' North, 118° 45' East)",24.4 meters (80.1 feet)
41,Puerto Princesa,Model,0.11%,347,327,6.12%,1.26%,5300,coastal,"Sulu Sea, South China Sea","9.7404, 118.7371 (9° 44' North, 118° 44' East)",20.0 meters (65.6 feet)
42,Puerto Princesa,Montible,0.21%,655,362,80.94%,13.29%,5300,coastal,"Sulu Sea, South China Sea","9.7100, 118.6358 (9° 43' North, 118° 38' East)",22.6 meters (74.1 feet)
43,Puerto Princesa,Napsan,1.00%,"3,064","1,797",70.51%,11.89%,5300,coastal,"Sulu Sea, South China Sea","9.7179, 118.4591 (9° 43' North, 118° 28' East)",28.3 meters (92.8 feet)
44,Puerto Princesa,New Panggangan,0.23%,710,629,12.88%,2.58%,5300,coastal,"Sulu Sea, South China Sea","10.2730, 118.9618 (10° 16' North, 118° 58' East)",7.1 meters (23.3 feet)
45,Puerto Princesa,Pagkakaisa,0.38%,"1,178","1,131",4.16%,0.86%,5300,coastal,"Sulu Sea, South China Sea","9.7369, 118.7306 (9° 44' North, 118° 44' East)",5.1 meters (16.7 feet)
46,Puerto Princesa,Princesa,0.33%,"1,003","1,015",-1.18%,-0.25%,5300,coastal,"Sulu Sea, South China Sea","9.7365, 118.7334 (9° 44' North, 118° 44' East)",15.5 meters (50.9 feet)
47,Puerto Princesa,Salvacion,0.49%,"1,506","1,197",25.81%,4.95%,5300,coastal,"Sulu Sea, South China Sea","9.9604, 118.7766 (9° 58' North, 118° 47' East)",53.5 meters (175.5 feet)
48,Puerto Princesa,San Jose,7.75%,"23,804","17,521",35.86%,6.66%,5300,coastal,"Sulu Sea, South China Sea","9.7944, 118.7490 (9° 48' North, 118° 45' East)",19.5 meters (64.0 feet)
49,Puerto Princesa,San Manuel,6.03%,"18,509","12,510",47.95%,8.59%,5300,coastal,"Sulu Sea, South China Sea","9.7793, 118.7569 (9° 47' North, 118° 45' East)",11.6 meters (38.1 feet)
50,Puerto Princesa,San Miguel,6.89%,"21,157","19,649",7.67%,1.57%,5300,coastal,"Sulu Sea, South China Sea","9.7443, 118.7456 (9° 45' North, 118° 45' East)",19.2 meters (63.0 feet)
51,Puerto Princesa,San Pedro,8.44%,"25,909","22,089",17.29%,3.41%,5300,coastal,"Sulu Sea, South China Sea","9.7554, 118.7507 (9° 45' North, 118° 45' East)",14.1 meters (46.3 feet)
52,Puerto Princesa,San Rafael,0.67%,"2,065","1,836",12.47%,2.50%,5300,coastal,"Sulu Sea, South China Sea","9.9860, 118.9670 (9° 59' North, 118° 58' East)",12.5 meters (41.0 feet)
53,Puerto Princesa,Santa Cruz,0.36%,"1,091",840,29.88%,5.66%,5300,coastal,"Sulu Sea, South China Sea","9.9386, 118.7405 (9° 56' North, 118° 44' East)",39.2 meters (128.6 feet)
54,Puerto Princesa,Santa Lourdes,2.67%,"8,186","5,171",58.31%,10.15%,5300,coastal,"Sulu Sea, South China Sea","9.8317, 118.7222 (9° 50' North, 118° 43' East)",41.2 meters (135.2 feet)
55,Puerto Princesa,Santa Lucia,0.14%,422,147,187.07%,24.85%,5300,coastal,"Sulu Sea, South China Sea","9.7013, 118.7159 (9° 42' North, 118° 43' East)",14.8 meters (48.6 feet)
56,Puerto Princesa,Santa Monica,6.90%,"21,174","20,094",5.37%,1.11%,5300,coastal,"Sulu Sea, South China Sea","9.7917, 118.7363 (9° 48' North, 118° 44' East)",40.9 meters (134.2 feet)
57,Puerto Princesa,Seaside,0.11%,348,312,11.54%,2.33%,5300,coastal,"Sulu Sea, South China Sea","9.7435, 118.7333 (9° 45' North, 118° 44' East)",7.5 meters (24.6 feet)
58,Puerto Princesa,Sicsican,7.37%,"22,625","15,861",42.65%,7.76%,5300,coastal,"Sulu Sea, South China Sea","9.7955, 118.7131 (9° 48' North, 118° 43' East)",16.9 meters (55.4 feet)
59,Puerto Princesa,Simpocan,0.41%,"1,247","1,272",-1.97%,-0.42%,5300,coastal,"Sulu Sea, South China Sea","9.8084, 118.5522 (9° 49' North, 118° 33' East)",21.0 meters (68.9 feet)
60,Puerto Princesa,Tagabinit,0.53%,"1,630","1,170",39.32%,7.23%,5300,coastal,"Sulu Sea, South China Sea","10.0901, 118.8539 (10° 5' North, 118° 51' East)",40.5 meters (132.9 feet)
61,Puerto Princesa,Tagburos,3.20%,"9,824","7,045",39.45%,7.25%,5300,coastal,"Sulu Sea, South China Sea","9.8210, 118.7442 (9° 49' North, 118° 45' East)",8.1 meters (26.6 feet)
62,Puerto Princesa,Tagumpay,0.25%,782,465,68.17%,11.56%,5300,coastal,"Sulu Sea, South China Sea","9.7415, 118.7353 (9° 44' North, 118° 44' East)",12.9 meters (42.3 feet)
63,Puerto Princesa,Tanabag,0.25%,771,700,10.14%,2.05%,5300,coastal,"Sulu Sea, South China Sea","9.9966, 118.9892 (9° 60' North, 118° 59' East)",12.9 meters (42.3 feet)
64,Puerto Princesa,Tanglaw,0.63%,"1,941","1,739",11.62%,2.34%,5300,coastal,"Sulu Sea, South China Sea","9.7356, 118.7431 (9° 44' North, 118° 45' East)",23.9 meters (78.4 feet)
65,Puerto Princesa,Tiniguiban,4.42%,"13,565","12,285",10.42%,2.11%,5300,coastal,"Sulu Sea, South China Sea","9.7740, 118.7386 (9° 46' North, 118° 44' East)",18.0 meters (59.1 feet)
0,Caloocan,Barangay 1,0.14%,"2,319","2,417",-4.05%,-0.87%,NULL,landlocked,none (landlocked),"14.6589, 120.9732 (14° 40' North, 120° 58' East)",12.0 meters (39.4 feet)
1,Caloocan,Barangay 10,0.09%,"1,485","1,339",10.90%,2.20%,NULL,landlocked,none (landlocked),"14.6544, 120.9714 (14° 39' North, 120° 58' East)",14.5 meters (47.6 feet)
2,Caloocan,Barangay 100,0.06%,983,984,-0.10%,-0.02%,NULL,landlocked,none (landlocked),"14.6538, 120.9958 (14° 39' North, 120° 60' East)",27.5 meters (90.2 feet)
3,Caloocan,Barangay 101,0.15%,"2,517","2,384",5.58%,1.15%,NULL,landlocked,none (landlocked),"14.6505, 120.9931 (14° 39' North, 120° 60' East)",24.0 meters (78.7 feet)
4,Caloocan,Barangay 102,0.06%,"1,033","1,157",-10.72%,-2.36%,NULL,landlocked,none (landlocked),"14.6497, 120.9943 (14° 39' North, 120° 60' East)",25.9 meters (85.0 feet)
5,Caloocan,Barangay 103,0.01%,175,462,-62.12%,-18.48%,NULL,landlocked,none (landlocked),"14.6492, 120.9903 (14° 39' North, 120° 59' East)",22.6 meters (74.1 feet)
6,Caloocan,Barangay 104,0.05%,899,886,1.47%,0.31%,NULL,landlocked,none (landlocked),"14.6492, 120.9888 (14° 39' North, 120° 59' East)",23.8 meters (78.1 feet)
7,Caloocan,Barangay 105,0.13%,"2,216","2,384",-7.05%,-1.53%,NULL,landlocked,none (landlocked),"14.6480, 120.9927 (14° 39' North, 120° 60' East)",25.3 meters (83.0 feet)
8,Caloocan,Barangay 106,0.02%,358,421,-14.96%,-3.35%,NULL,landlocked,none (landlocked),"14.6501, 120.9845 (14° 39' North, 120° 59' East)",22.1 meters (72.5 feet)
9,Caloocan,Barangay 107,0.04%,709,798,-11.15%,-2.46%,NULL,landlocked,none (landlocked),"14.6507, 120.9860 (14° 39' North, 120° 59' East)",24.2 meters (79.4 feet)
10,Caloocan,Barangay 108,0.04%,668,700,-4.57%,-0.98%,NULL,landlocked,none (landlocked),"14.6500, 120.9874 (14° 39' North, 120° 59' East)",22.1 meters (72.5 feet)
11,Caloocan,Barangay 109,0.04%,743,"1,121",-33.72%,-8.29%,NULL,landlocked,none (landlocked),"14.6479, 120.9859 (14° 39' North, 120° 59' East)",20.1 meters (65.9 feet)
12,Caloocan,Barangay 11,0.07%,"1,230","1,652",-25.54%,-6.02%,NULL,landlocked,none (landlocked),"14.6537, 120.9707 (14° 39' North, 120° 58' East)",14.2 meters (46.6 feet)
13,Caloocan,Barangay 110,0.03%,435,509,-14.54%,-3.25%,NULL,landlocked,none (landlocked),"14.6468, 120.9844 (14° 39' North, 120° 59' East)",19.8 meters (65.0 feet)
14,Caloocan,Barangay 111,0.09%,"1,472","1,435",2.58%,0.54%,NULL,landlocked,none (landlocked),"14.6468, 120.9859 (14° 39' North, 120° 59' East)",19.8 meters (65.0 feet)
15,Caloocan,Barangay 112,0.07%,"1,133","1,069",5.99%,1.23%,NULL,landlocked,none (landlocked),"14.6467, 120.9873 (14° 39' North, 120° 59' East)",18.4 meters (60.4 feet)
16,Caloocan,Barangay 113,0.01%,228,169,34.91%,6.51%,NULL,landlocked,none (landlocked),"14.6450, 120.9843 (14° 39' North, 120° 59' East)",20.7 meters (67.9 feet)
17,Caloocan,Barangay 114,0.06%,988,"1,082",-8.69%,-1.89%,NULL,landlocked,none (landlocked),"14.6448, 120.9854 (14° 39' North, 120° 59' East)",16.7 meters (54.8 feet)
18,Caloocan,Barangay 115,0.06%,"1,051","1,127",-6.74%,-1.46%,NULL,landlocked,none (landlocked),"14.6448, 120.9862 (14° 39' North, 120° 59' East)",17.6 meters (57.7 feet)
19,Caloocan,Barangay 116,0.06%,"1,018","1,179",-13.66%,-3.04%,NULL,landlocked,none (landlocked),"14.6450, 120.9872 (14° 39' North, 120° 59' East)",20.7 meters (67.9 feet)
20,Caloocan,Barangay 117,0.11%,"1,751","1,414",23.83%,4.60%,NULL,landlocked,none (landlocked),"14.6438, 120.9847 (14° 39' North, 120° 59' East)",18.8 meters (61.7 feet)
21,Caloocan,Barangay 118,0.35%,"5,836","4,651",25.48%,4.89%,NULL,landlocked,none (landlocked),"14.6420, 120.9877 (14° 39' North, 120° 59' East)",18.2 meters (59.7 feet)
22,Caloocan,Barangay 119,0.05%,857,785,9.17%,1.86%,NULL,landlocked,none (landlocked),"14.6424, 120.9845 (14° 39' North, 120° 59' East)",20.5 meters (67.3 feet)
23,Caloocan,Barangay 12,2.06%,"34,309","32,427",5.80%,1.19%,NULL,landlocked,none (landlocked),"14.6533, 120.9663 (14° 39' North, 120° 58' East)",7.6 meters (24.9 feet)
24,Caloocan,Barangay 120,0.50%,"8,269","8,794",-5.97%,-1.29%,NULL,landlocked,none (landlocked),"14.6398, 120.9842 (14° 38' North, 120° 59' East)",13.5 meters (44.3 feet)
25,Caloocan,Barangay 121,0.02%,271,299,-9.36%,-2.05%,NULL,landlocked,none (landlocked),"14.6464, 120.9894 (14° 39' North, 120° 59' East)",24.3 meters (79.7 feet)
26,Caloocan,Barangay 122,0.14%,"2,249","2,062",9.07%,1.84%,NULL,landlocked,none (landlocked),"14.6459, 120.9921 (14° 39' North, 120° 60' East)",22.6 meters (74.1 feet)
27,Caloocan,Barangay 123,0.04%,710,903,-21.37%,-4.94%,NULL,landlocked,none (landlocked),"14.6450, 120.9887 (14° 39' North, 120° 59' East)",21.4 meters (70.2 feet)
28,Caloocan,Barangay 124,0.02%,387,328,17.99%,3.54%,NULL,landlocked,none (landlocked),"14.6450, 120.9901 (14° 39' North, 120° 59' East)",24.4 meters (80.1 feet)
29,Caloocan,Barangay 125,0.08%,"1,293","1,278",1.17%,0.25%,NULL,landlocked,none (landlocked),"14.6446, 120.9919 (14° 39' North, 120° 60' East)",21.4 meters (70.2 feet)
30,Caloocan,Barangay 126,0.07%,"1,194","1,083",10.25%,2.08%,NULL,landlocked,none (landlocked),"14.6431, 120.9914 (14° 39' North, 120° 59' East)",21.9 meters (71.8 feet)
31,Caloocan,Barangay 127,0.14%,"2,380","2,113",12.64%,2.54%,NULL,landlocked,none (landlocked),"14.6413, 120.9906 (14° 38' North, 120° 59' East)",19.0 meters (62.3 feet)
32,Caloocan,Barangay 128,0.12%,"2,050","1,752",17.01%,3.36%,NULL,landlocked,none (landlocked),"14.6397, 120.9901 (14° 38' North, 120° 59' East)",20.4 meters (66.9 feet)
33,Caloocan,Barangay 129,0.09%,"1,558","1,839",-15.28%,-3.43%,NULL,landlocked,none (landlocked),"14.6387, 120.9897 (14° 38' North, 120° 59' East)",17.8 meters (58.4 feet)
34,Caloocan,Barangay 13,0.06%,"1,074","1,411",-23.88%,-5.58%,NULL,landlocked,none (landlocked),"14.6520, 120.9723 (14° 39' North, 120° 58' East)",18.6 meters (61.0 feet)
35,Caloocan,Barangay 130,0.15%,"2,527","3,055",-17.28%,-3.92%,NULL,landlocked,none (landlocked),"14.6378, 120.9894 (14° 38' North, 120° 59' East)",16.8 meters (55.1 feet)
36,Caloocan,Barangay 131,0.13%,"2,187","2,286",-4.33%,-0.93%,NULL,landlocked,none (landlocked),"14.6375, 120.9919 (14° 38' North, 120° 60' East)",19.1 meters (62.7 feet)
37,Caloocan,Barangay 132,0.48%,"7,961","7,924",0.47%,0.10%,NULL,landlocked,none (landlocked),"14.6633, 120.9909 (14° 40' North, 120° 59' East)",16.1 meters (52.8 feet)
38,Caloocan,Barangay 133,0.34%,"5,587","5,694",-1.88%,-0.40%,NULL,landlocked,none (landlocked),"14.6630, 120.9924 (14° 40' North, 120° 60' East)",19.7 meters (64.6 feet)
39,Caloocan,Barangay 134,0.06%,982,888,10.59%,2.14%,NULL,landlocked,none (landlocked),"14.6586, 120.9909 (14° 40' North, 120° 59' East)",22.7 meters (74.5 feet)
40,Caloocan,Barangay 135,0.04%,627,619,1.29%,0.27%,NULL,landlocked,none (landlocked),"14.6584, 120.9925 (14° 40' North, 120° 60' East)",26.1 meters (85.6 feet)
41,Caloocan,Barangay 136,0.02%,399,406,-1.72%,-0.37%,NULL,landlocked,none (landlocked),"14.6584, 120.9948 (14° 40' North, 120° 60' East)",27.2 meters (89.2 feet)
42,Caloocan,Barangay 137,0.06%,934,"1,221",-23.51%,-5.48%,NULL,landlocked,none (landlocked),"14.6608, 120.9947 (14° 40' North, 120° 60' East)",28.1 meters (92.2 feet)
43,Caloocan,Barangay 138,0.09%,"1,429","1,535",-6.91%,-1.49%,NULL,landlocked,none (landlocked),"14.6594, 120.9971 (14° 40' North, 120° 60' East)",27.9 meters (91.5 feet)
44,Caloocan,Barangay 139,0.21%,"3,505","3,414",2.67%,0.56%,NULL,landlocked,none (landlocked),"14.6596, 120.9989 (14° 40' North, 120° 60' East)",20.4 meters (66.9 feet)
45,Caloocan,Barangay 14,1.32%,"21,906","21,579",1.52%,0.32%,NULL,landlocked,none (landlocked),"14.6486, 120.9644 (14° 39' North, 120° 58' East)",9.1 meters (29.9 feet)
46,Caloocan,Barangay 140,0.05%,797,"1,027",-22.40%,-5.20%,NULL,landlocked,none (landlocked),"14.6631, 120.9959 (14° 40' North, 120° 60' East)",32.7 meters (107.3 feet)
47,Caloocan,Barangay 141,0.20%,"3,253","3,010",8.07%,1.65%,NULL,landlocked,none (landlocked),"14.6631, 120.9986 (14° 40' North, 120° 60' East)",26.5 meters (86.9 feet)
48,Caloocan,Barangay 142,0.23%,"3,889","3,936",-1.19%,-0.25%,NULL,landlocked,none (landlocked),"14.6647, 120.9927 (14° 40' North, 120° 60' East)",19.8 meters (65.0 feet)
49,Caloocan,Barangay 143,0.21%,"3,434","3,673",-6.51%,-1.41%,NULL,landlocked,none (landlocked),"14.6634, 120.9934 (14° 40' North, 120° 60' East)",20.7 meters (67.9 feet)
50,Caloocan,Barangay 144,0.27%,"4,533","4,743",-4.43%,-0.95%,NULL,landlocked,none (landlocked),"14.6640, 120.9945 (14° 40' North, 120° 60' East)",26.6 meters (87.3 feet)
51,Caloocan,Barangay 145,0.28%,"4,705","4,507",4.39%,0.91%,NULL,landlocked,none (landlocked),"14.6658, 120.9939 (14° 40' North, 120° 60' East)",20.7 meters (67.9 feet)
52,Caloocan,Barangay 146,0.19%,"3,180","3,117",2.02%,0.42%,NULL,landlocked,none (landlocked),"14.6647, 120.9958 (14° 40' North, 120° 60' East)",29.0 meters (95.1 feet)
53,Caloocan,Barangay 147,0.22%,"3,687","3,664",0.63%,0.13%,NULL,landlocked,none (landlocked),"14.6643, 120.9975 (14° 40' North, 120° 60' East)",28.8 meters (94.5 feet)
54,Caloocan,Barangay 148,0.22%,"3,704","3,754",-1.33%,-0.28%,NULL,landlocked,none (landlocked),"14.6660, 120.9956 (14° 40' North, 120° 60' East)",29.1 meters (95.5 feet)
55,Caloocan,Barangay 149,0.32%,"5,255","4,426",18.73%,3.68%,NULL,landlocked,none (landlocked),"14.6675, 120.9959 (14° 40' North, 120° 60' East)",31.8 meters (104.3 feet)
56,Caloocan,Barangay 15,0.09%,"1,424","1,204",18.27%,3.60%,NULL,landlocked,none (landlocked),"14.6494, 120.9733 (14° 39' North, 120° 58' East)",18.9 meters (62.0 feet)
57,Caloocan,Barangay 150,0.27%,"4,439","4,161",6.68%,1.37%,NULL,landlocked,none (landlocked),"14.6664, 120.9973 (14° 40' North, 120° 60' East)",30.4 meters (99.7 feet)
58,Caloocan,Barangay 151,0.31%,"5,177","4,273",21.16%,4.12%,NULL,landlocked,none (landlocked),"14.6645, 120.9995 (14° 40' North, 120° 60' East)",25.5 meters (83.7 feet)
59,Caloocan,Barangay 152,0.25%,"4,236","3,916",8.17%,1.67%,NULL,landlocked,none (landlocked),"14.6683, 120.9978 (14° 40' North, 120° 60' East)",30.1 meters (98.8 feet)
60,Caloocan,Barangay 153,0.22%,"3,706","4,078",-9.12%,-1.99%,NULL,landlocked,none (landlocked),"14.6672, 120.9987 (14° 40' North, 120° 60' East)",28.6 meters (93.8 feet)
61,Caloocan,Barangay 154,0.24%,"3,958","3,876",2.12%,0.44%,NULL,landlocked,none (landlocked),"14.6660, 120.9995 (14° 40' North, 120° 60' East)",28.7 meters (94.2 feet)
62,Caloocan,Barangay 155,0.22%,"3,613","3,531",2.32%,0.48%,NULL,landlocked,none (landlocked),"14.6683, 120.9997 (14° 40' North, 120° 60' East)",29.5 meters (96.8 feet)
63,Caloocan,Barangay 156,0.38%,"6,236","5,266",18.42%,3.62%,NULL,landlocked,none (landlocked),"14.6663, 121.0012 (14° 40' North, 121° 0' East)",29.3 meters (96.1 feet)
64,Caloocan,Barangay 157,0.19%,"3,151","2,883",9.30%,1.89%,NULL,landlocked,none (landlocked),"14.6684, 121.0012 (14° 40' North, 121° 0' East)",32.3 meters (106.0 feet)
65,Caloocan,Barangay 158,0.12%,"2,003","1,901",5.37%,1.11%,NULL,landlocked,none (landlocked),"14.6708, 121.0028 (14° 40' North, 121° 0' East)",28.7 meters (94.2 feet)
66,Caloocan,Barangay 159,0.33%,"5,477","4,996",9.63%,1.95%,NULL,landlocked,none (landlocked),"14.6749, 121.0069 (14° 40' North, 121° 0' East)",29.3 meters (96.1 feet)
67,Caloocan,Barangay 16,0.21%,"3,550","4,103",-13.48%,-3.00%,NULL,landlocked,none (landlocked),"14.6504, 120.9699 (14° 39' North, 120° 58' East)",6.5 meters (21.3 feet)
68,Caloocan,Barangay 160,1.01%,"16,828","15,268",10.22%,2.07%,NULL,landlocked,none (landlocked),"14.6796, 121.0022 (14° 41' North, 121° 0' East)",17.9 meters (58.7 feet)
69,Caloocan,Barangay 161,0.58%,"9,718","9,613",1.09%,0.23%,NULL,landlocked,none (landlocked),"14.6763, 121.0018 (14° 41' North, 121° 0' East)",22.7 meters (74.5 feet)
70,Caloocan,Barangay 162,0.97%,"16,103","16,065",0.24%,0.05%,NULL,landlocked,none (landlocked),"14.6817, 121.0087 (14° 41' North, 121° 1' East)",27.3 meters (89.6 feet)
71,Caloocan,Barangay 163,0.87%,"14,491","14,427",0.44%,0.09%,NULL,landlocked,none (landlocked),"14.6804, 121.0125 (14° 41' North, 121° 1' East)",25.1 meters (82.3 feet)
72,Caloocan,Barangay 164,1.17%,"19,471","16,073",21.14%,4.12%,NULL,landlocked,none (landlocked),"14.6896, 121.0169 (14° 41' North, 121° 1' East)",25.4 meters (83.3 feet)
73,Caloocan,Barangay 165,1.60%,"26,622","30,240",-11.96%,-2.65%,NULL,landlocked,none (landlocked),"14.7178, 121.0045 (14° 43' North, 121° 0' East)",37.3 meters (122.4 feet)
74,Caloocan,Barangay 166,1.26%,"20,985","17,806",17.85%,3.52%,NULL,landlocked,none (landlocked),"14.7194, 121.0102 (14° 43' North, 121° 1' East)",53.8 meters (176.5 feet)
75,Caloocan,Barangay 167,3.43%,"57,041","53,835",5.96%,1.23%,NULL,landlocked,none (landlocked),"14.7326, 121.0124 (14° 44' North, 121° 1' East)",42.6 meters (139.8 feet)
76,Caloocan,Barangay 168,2.15%,"35,729","32,620",9.53%,1.93%,NULL,landlocked,none (landlocked),"14.7402, 121.0255 (14° 44' North, 121° 2' East)",59.6 meters (195.5 feet)
77,Caloocan,Barangay 169,0.29%,"4,887","4,700",3.98%,0.82%,NULL,landlocked,none (landlocked),"14.7329, 121.0233 (14° 44' North, 121° 1' East)",52.5 meters (172.2 feet)
78,Caloocan,Barangay 17,0.21%,"3,419","3,272",4.49%,0.93%,NULL,landlocked,none (landlocked),"14.6489, 120.9746 (14° 39' North, 120° 58' East)",15.6 meters (51.2 feet)
79,Caloocan,Barangay 170,0.78%,"12,901","11,322",13.95%,2.79%,NULL,landlocked,none (landlocked),"14.7373, 121.0331 (14° 44' North, 121° 2' East)",60.5 meters (198.5 feet)
80,Caloocan,Barangay 171,6.72%,"111,713","98,166",13.80%,2.76%,NULL,landlocked,none (landlocked),"14.7479, 121.0307 (14° 45' North, 121° 2' East)",69.3 meters (227.4 feet)
81,Caloocan,Barangay 172,1.37%,"22,829","21,719",5.11%,1.05%,NULL,landlocked,none (landlocked),"14.7481, 121.0411 (14° 45' North, 121° 2' East)",56.9 meters (186.7 feet)
82,Caloocan,Barangay 173,0.91%,"15,165","15,697",-3.39%,-0.72%,NULL,landlocked,none (landlocked),"14.7522, 121.0346 (14° 45' North, 121° 2' East)",56.7 meters (186.0 feet)
83,Caloocan,Barangay 174,1.50%,"25,000","22,415",11.53%,2.32%,NULL,landlocked,none (landlocked),"14.7611, 121.0495 (14° 46' North, 121° 3' East)",80.7 meters (264.8 feet)
84,Caloocan,Barangay 175,4.32%,"71,726","64,031",12.02%,2.42%,NULL,landlocked,none (landlocked),"14.7657, 121.0449 (14° 46' North, 121° 3' East)",63.8 meters (209.3 feet)
85,Caloocan,Barangay 176,15.75%,"261,729","246,515",6.17%,1.27%,NULL,landlocked,none (landlocked),"14.7751, 121.0448 (14° 47' North, 121° 3' East)",77.1 meters (252.9 feet)
86,Caloocan,Barangay 177,5.06%,"84,159","79,624",5.70%,1.17%,NULL,landlocked,none (landlocked),"14.7481, 121.0489 (14° 45' North, 121° 3' East)",75.1 meters (246.4 feet)
87,Caloocan,Barangay 178,6.63%,"110,224","107,596",2.44%,0.51%,NULL,landlocked,none (landlocked),"14.7572, 121.0576 (14° 45' North, 121° 3' East)",82.4 meters (270.3 feet)
88,Caloocan,Barangay 179,2.82%,"46,828","37,335",25.43%,4.88%,NULL,landlocked,none (landlocked),"14.7468, 121.0789 (14° 45' North, 121° 5' East)",101.7 meters (333.7 feet)
89,Caloocan,Barangay 18,0.66%,"10,932","10,306",6.07%,1.25%,NULL,landlocked,none (landlocked),"14.6492, 120.9710 (14° 39' North, 120° 58' East)",8.0 meters (26.2 feet)
90,Caloocan,Barangay 180,1.13%,"18,802","16,500",13.95%,2.79%,NULL,landlocked,none (landlocked),"14.7633, 121.0792 (14° 46' North, 121° 5' East)",88.0 meters (288.7 feet)
91,Caloocan,Barangay 181,1.34%,"22,269","21,918",1.60%,0.33%,NULL,landlocked,none (landlocked),"14.7654, 121.0913 (14° 46' North, 121° 5' East)",106.1 meters (348.1 feet)
92,Caloocan,Barangay 182,0.56%,"9,269","8,723",6.26%,1.29%,NULL,landlocked,none (landlocked),"14.7649, 121.0976 (14° 46' North, 121° 6' East)",132.3 meters (434.0 feet)
93,Caloocan,Barangay 183,0.44%,"7,354","4,625",59.01%,10.25%,NULL,landlocked,none (landlocked),"14.7549, 121.0831 (14° 45' North, 121° 5' East)",93.2 meters (305.8 feet)
94,Caloocan,Barangay 184,0.18%,"2,919","2,669",9.37%,1.90%,NULL,landlocked,none (landlocked),"14.7644, 121.0828 (14° 46' North, 121° 5' East)",86.7 meters (284.4 feet)
95,Caloocan,Barangay 185,1.64%,"27,169","27,333",-0.60%,-0.13%,NULL,landlocked,none (landlocked),"14.7695, 121.0794 (14° 46' North, 121° 5' East)",83.5 meters (273.9 feet)
96,Caloocan,Barangay 186,1.53%,"25,346","21,668",16.97%,3.36%,NULL,landlocked,none (landlocked),"14.7655, 121.0724 (14° 46' North, 121° 4' East)",89.6 meters (294.0 feet)
97,Caloocan,Barangay 187,1.51%,"25,046","23,529",6.45%,1.32%,NULL,landlocked,none (landlocked),"14.7661, 121.0610 (14° 46' North, 121° 4' East)",77.1 meters (252.9 feet)
98,Caloocan,Barangay 188,1.96%,"32,543","28,301",14.99%,2.98%,NULL,landlocked,none (landlocked),"14.7691, 121.0613 (14° 46' North, 121° 4' East)",75.3 meters (247.0 feet)
99,Caloocan,Barangay 19,0.22%,"3,655","3,251",12.43%,2.50%,NULL,landlocked,none (landlocked),"14.6466, 120.9749 (14° 39' North, 120° 58' East)",10.7 meters (35.1 feet)
100,Caloocan,Barangay 2,0.31%,"5,156","5,134",0.43%,0.09%,NULL,landlocked,none (landlocked),"14.6609, 120.9721 (14° 40' North, 120° 58' East)",11.4 meters (37.4 feet)
101,Caloocan,Barangay 20,0.47%,"7,892","9,015",-12.46%,-2.76%,NULL,landlocked,none (landlocked),"14.6474, 120.9708 (14° 39' North, 120° 58' East)",6.3 meters (20.7 feet)
102,Caloocan,Barangay 21,0.17%,"2,787","3,234",-13.82%,-3.08%,NULL,landlocked,none (landlocked),"14.6445, 120.9755 (14° 39' North, 120° 59' East)",10.6 meters (34.8 feet)
103,Caloocan,Barangay 22,0.34%,"5,653","5,548",1.89%,0.40%,NULL,landlocked,none (landlocked),"14.6456, 120.9711 (14° 39' North, 120° 58' East)",6.4 meters (21.0 feet)
104,Caloocan,Barangay 23,0.16%,"2,736","2,260",21.06%,4.11%,NULL,landlocked,none (landlocked),"14.6435, 120.9744 (14° 39' North, 120° 58' East)",5.9 meters (19.4 feet)
105,Caloocan,Barangay 24,0.15%,"2,498","2,255",10.78%,2.18%,NULL,landlocked,none (landlocked),"14.6434, 120.9730 (14° 39' North, 120° 58' East)",6.5 meters (21.3 feet)
106,Caloocan,Barangay 25,0.10%,"1,611","1,567",2.81%,0.58%,NULL,landlocked,none (landlocked),"14.6420, 120.9762 (14° 39' North, 120° 59' East)",10.2 meters (33.5 feet)
107,Caloocan,Barangay 26,0.22%,"3,734","3,694",1.08%,0.23%,NULL,landlocked,none (landlocked),"14.6414, 120.9748 (14° 38' North, 120° 58' East)",7.7 meters (25.3 feet)
108,Caloocan,Barangay 27,0.25%,"4,121","3,822",7.82%,1.60%,NULL,landlocked,none (landlocked),"14.6414, 120.9730 (14° 38' North, 120° 58' East)",7.2 meters (23.6 feet)
109,Caloocan,Barangay 28,1.99%,"33,091","30,968",6.86%,1.41%,NULL,landlocked,none (landlocked),"14.6433, 120.9708 (14° 39' North, 120° 58' East)",3.4 meters (11.2 feet)
110,Caloocan,Barangay 29,0.10%,"1,603","1,491",7.51%,1.54%,NULL,landlocked,none (landlocked),"14.6405, 120.9764 (14° 38' North, 120° 59' East)",9.5 meters (31.2 feet)
111,Caloocan,Barangay 3,0.15%,"2,497","2,621",-4.73%,-1.01%,NULL,landlocked,none (landlocked),"14.6587, 120.9720 (14° 40' North, 120° 58' East)",12.9 meters (42.3 feet)
112,Caloocan,Barangay 30,0.21%,"3,498","3,652",-4.22%,-0.90%,NULL,landlocked,none (landlocked),"14.6390, 120.9744 (14° 38' North, 120° 58' East)",6.7 meters (22.0 feet)
113,Caloocan,Barangay 31,0.22%,"3,666","4,997",-26.64%,-6.31%,NULL,landlocked,none (landlocked),"14.6406, 120.9713 (14° 38' North, 120° 58' East)",5.6 meters (18.4 feet)
114,Caloocan,Barangay 32,0.17%,"2,864","2,548",12.40%,2.49%,NULL,landlocked,none (landlocked),"14.6386, 120.9764 (14° 38' North, 120° 59' East)",6.2 meters (20.3 feet)
115,Caloocan,Barangay 33,0.33%,"5,464","5,668",-3.60%,-0.77%,NULL,landlocked,none (landlocked),"14.6365, 120.9756 (14° 38' North, 120° 59' East)",4.7 meters (15.4 feet)
116,Caloocan,Barangay 34,0.39%,"6,445","6,313",2.09%,0.44%,NULL,landlocked,none (landlocked),"14.6369, 120.9732 (14° 38' North, 120° 58' East)",6.7 meters (22.0 feet)
117,Caloocan,Barangay 35,1.39%,"23,173","21,778",6.41%,1.32%,NULL,landlocked,none (landlocked),"14.6381, 120.9725 (14° 38' North, 120° 58' East)",6.0 meters (19.7 feet)
118,Caloocan,Barangay 36,0.25%,"4,115","5,266",-21.86%,-5.06%,NULL,landlocked,none (landlocked),"14.6362, 120.9783 (14° 38' North, 120° 59' East)",9.5 meters (31.2 feet)
119,Caloocan,Barangay 37,0.17%,"2,845","2,964",-4.01%,-0.86%,NULL,landlocked,none (landlocked),"14.6386, 120.9779 (14° 38' North, 120° 59' East)",7.3 meters (23.9 feet)
120,Caloocan,Barangay 38,0.23%,"3,854","4,300",-10.37%,-2.28%,NULL,landlocked,none (landlocked),"14.6394, 120.9789 (14° 38' North, 120° 59' East)",10.2 meters (33.5 feet)
121,Caloocan,Barangay 39,0.05%,891,928,-3.99%,-0.85%,NULL,landlocked,none (landlocked),"14.6373, 120.9825 (14° 38' North, 120° 59' East)",11.8 meters (38.7 feet)
122,Caloocan,Barangay 4,0.17%,"2,875","2,809",2.35%,0.49%,NULL,landlocked,none (landlocked),"14.6591, 120.9694 (14° 40' North, 120° 58' East)",7.9 meters (25.9 feet)
123,Caloocan,Barangay 40,0.06%,963,"1,349",-28.61%,-6.85%,NULL,landlocked,none (landlocked),"14.6385, 120.9824 (14° 38' North, 120° 59' East)",16.1 meters (52.8 feet)
124,Caloocan,Barangay 41,0.05%,903,"1,169",-22.75%,-5.29%,NULL,landlocked,none (landlocked),"14.6398, 120.9823 (14° 38' North, 120° 59' East)",18.2 meters (59.7 feet)
125,Caloocan,Barangay 42,0.04%,715,760,-5.92%,-1.28%,NULL,landlocked,none (landlocked),"14.6399, 120.9805 (14° 38' North, 120° 59' East)",14.0 meters (45.9 feet)
126,Caloocan,Barangay 43,0.21%,"3,521","3,827",-8.00%,-1.74%,NULL,landlocked,none (landlocked),"14.6407, 120.9781 (14° 38' North, 120° 59' East)",7.9 meters (25.9 feet)
127,Caloocan,Barangay 44,0.03%,529,700,-24.43%,-5.73%,NULL,landlocked,none (landlocked),"14.6410, 120.9802 (14° 38' North, 120° 59' East)",15.4 meters (50.5 feet)
128,Caloocan,Barangay 45,0.02%,311,651,-52.23%,-14.40%,NULL,landlocked,none (landlocked),"14.6411, 120.9824 (14° 38' North, 120° 59' East)",18.8 meters (61.7 feet)
129,Caloocan,Barangay 46,0.09%,"1,454","1,426",1.96%,0.41%,NULL,landlocked,none (landlocked),"14.6426, 120.9779 (14° 39' North, 120° 59' East)",11.5 meters (37.7 feet)
130,Caloocan,Barangay 47,0.03%,559,395,41.52%,7.58%,NULL,landlocked,none (landlocked),"14.6425, 120.9802 (14° 39' North, 120° 59' East)",17.5 meters (57.4 feet)
131,Caloocan,Barangay 48,0.04%,606,652,-7.06%,-1.53%,NULL,landlocked,none (landlocked),"14.6427, 120.9824 (14° 39' North, 120° 59' East)",20.6 meters (67.6 feet)
132,Caloocan,Barangay 49,0.25%,"4,095","6,080",-32.65%,-7.98%,NULL,landlocked,none (landlocked),"14.6445, 120.9771 (14° 39' North, 120° 59' East)",9.4 meters (30.8 feet)
133,Caloocan,Barangay 5,0.19%,"3,083","3,004",2.63%,0.55%,NULL,landlocked,none (landlocked),"14.6565, 120.9728 (14° 39' North, 120° 58' East)",16.3 meters (53.5 feet)
134,Caloocan,Barangay 50,0.06%,"1,005","1,333",-24.61%,-5.77%,NULL,landlocked,none (landlocked),"14.6440, 120.9790 (14° 39' North, 120° 59' East)",14.2 meters (46.6 feet)
135,Caloocan,Barangay 51,0.05%,765,964,-20.64%,-4.75%,NULL,landlocked,none (landlocked),"14.6438, 120.9817 (14° 39' North, 120° 59' East)",20.8 meters (68.2 feet)
136,Caloocan,Barangay 52,0.08%,"1,279","2,816",-54.58%,-15.31%,NULL,landlocked,none (landlocked),"14.6466, 120.9769 (14° 39' North, 120° 59' East)",12.5 meters (41.0 feet)
137,Caloocan,Barangay 53,0.05%,876,"1,181",-25.83%,-6.09%,NULL,landlocked,none (landlocked),"14.6461, 120.9785 (14° 39' North, 120° 59' East)",17.7 meters (58.1 feet)
138,Caloocan,Barangay 54,0.03%,572,833,-31.33%,-7.61%,NULL,landlocked,none (landlocked),"14.6467, 120.9815 (14° 39' North, 120° 59' East)",19.2 meters (63.0 feet)
139,Caloocan,Barangay 55,0.09%,"1,442","1,262",14.26%,2.85%,NULL,landlocked,none (landlocked),"14.6450, 120.9814 (14° 39' North, 120° 59' East)",19.3 meters (63.3 feet)
140,Caloocan,Barangay 56,0.15%,"2,464","3,328",-25.96%,-6.13%,NULL,landlocked,none (landlocked),"14.6480, 120.9768 (14° 39' North, 120° 59' East)",13.6 meters (44.6 feet)
141,Caloocan,Barangay 57,0.05%,756,738,2.44%,0.51%,NULL,landlocked,none (landlocked),"14.6480, 120.9793 (14° 39' North, 120° 59' East)",14.5 meters (47.6 feet)
142,Caloocan,Barangay 58,0.03%,493,637,-22.61%,-5.25%,NULL,landlocked,none (landlocked),"14.6481, 120.9822 (14° 39' North, 120° 59' East)",19.3 meters (63.3 feet)
143,Caloocan,Barangay 59,0.23%,"3,808","4,843",-21.37%,-4.93%,NULL,landlocked,none (landlocked),"14.6498, 120.9766 (14° 39' North, 120° 59' East)",13.7 meters (44.9 feet)
144,Caloocan,Barangay 6,0.07%,"1,190","1,221",-2.54%,-0.54%,NULL,landlocked,none (landlocked),"14.6573, 120.9705 (14° 39' North, 120° 58' East)",8.5 meters (27.9 feet)
145,Caloocan,Barangay 60,0.11%,"1,792","1,944",-7.82%,-1.70%,NULL,landlocked,none (landlocked),"14.6503, 120.9787 (14° 39' North, 120° 59' East)",15.1 meters (49.5 feet)
146,Caloocan,Barangay 61,0.06%,996,"1,055",-5.59%,-1.20%,NULL,landlocked,none (landlocked),"14.6494, 120.9816 (14° 39' North, 120° 59' East)",17.6 meters (57.7 feet)
147,Caloocan,Barangay 62,0.01%,244,354,-31.07%,-7.53%,NULL,landlocked,none (landlocked),"14.6508, 120.9816 (14° 39' North, 120° 59' East)",16.2 meters (53.1 feet)
148,Caloocan,Barangay 63,0.18%,"2,988","3,423",-12.71%,-2.82%,NULL,landlocked,none (landlocked),"14.6508, 120.9765 (14° 39' North, 120° 59' East)",14.0 meters (45.9 feet)
149,Caloocan,Barangay 64,0.09%,"1,550","1,345",15.24%,3.03%,NULL,landlocked,none (landlocked),"14.6520, 120.9755 (14° 39' North, 120° 59' East)",14.5 meters (47.6 feet)
150,Caloocan,Barangay 65,0.08%,"1,300","1,021",27.33%,5.22%,NULL,landlocked,none (landlocked),"14.6527, 120.9766 (14° 39' North, 120° 59' East)",17.6 meters (57.7 feet)
151,Caloocan,Barangay 66,0.13%,"2,206","1,361",62.09%,10.70%,NULL,landlocked,none (landlocked),"14.6526, 120.9783 (14° 39' North, 120° 59' East)",15.4 meters (50.5 feet)
152,Caloocan,Barangay 67,0.14%,"2,320","2,509",-7.53%,-1.63%,NULL,landlocked,none (landlocked),"14.6527, 120.9805 (14° 39' North, 120° 59' East)",19.3 meters (63.3 feet)
153,Caloocan,Barangay 68,0.07%,"1,106","1,173",-5.71%,-1.23%,NULL,landlocked,none (landlocked),"14.6525, 120.9827 (14° 39' North, 120° 59' East)",17.5 meters (57.4 feet)
154,Caloocan,Barangay 69,0.19%,"3,173","3,191",-0.56%,-0.12%,NULL,landlocked,none (landlocked),"14.6541, 120.9778 (14° 39' North, 120° 59' East)",17.0 meters (55.8 feet)
155,Caloocan,Barangay 7,0.16%,"2,608","2,619",-0.42%,-0.09%,NULL,landlocked,none (landlocked),"14.6559, 120.9705 (14° 39' North, 120° 58' East)",11.5 meters (37.7 feet)
156,Caloocan,Barangay 70,0.27%,"4,411","4,208",4.82%,1.00%,NULL,landlocked,none (landlocked),"14.6544, 120.9795 (14° 39' North, 120° 59' East)",17.4 meters (57.1 feet)
157,Caloocan,Barangay 71,0.05%,777,825,-5.82%,-1.25%,NULL,landlocked,none (landlocked),"14.6546, 120.9831 (14° 39' North, 120° 59' East)",22.3 meters (73.2 feet)
158,Caloocan,Barangay 72,0.00%,46,0,NULL,NULL,NULL,landlocked,none (landlocked),"14.6555, 120.9824 (14° 39' North, 120° 59' East)",29.2 meters (95.8 feet)
159,Caloocan,Barangay 73,1.06%,"17,649","17,993",-1.91%,-0.41%,NULL,landlocked,none (landlocked),"14.6554, 120.9756 (14° 39' North, 120° 59' East)",19.3 meters (63.3 feet)
160,Caloocan,Barangay 74,0.23%,"3,864","3,501",10.37%,2.10%,NULL,landlocked,none (landlocked),"14.6563, 120.9786 (14° 39' North, 120° 59' East)",18.6 meters (61.0 feet)
161,Caloocan,Barangay 75,0.13%,"2,207","3,246",-32.01%,-7.80%,NULL,landlocked,none (landlocked),"14.6555, 120.9806 (14° 39' North, 120° 59' East)",16.3 meters (53.5 feet)
162,Caloocan,Barangay 76,0.00%,2,3,-33.33%,-8.18%,NULL,landlocked,none (landlocked),"14.6564, 120.9831 (14° 39' North, 120° 59' East)",26.2 meters (86.0 feet)
163,Caloocan,Barangay 77,0.05%,822,977,-15.86%,-3.57%,NULL,landlocked,none (landlocked),"14.6580, 120.9810 (14° 39' North, 120° 59' East)",21.8 meters (71.5 feet)
164,Caloocan,Barangay 78,0.11%,"1,818","1,842",-1.30%,-0.28%,NULL,landlocked,none (landlocked),"14.6594, 120.9833 (14° 40' North, 120° 59' East)",19.7 meters (64.6 feet)
165,Caloocan,Barangay 79,0.04%,631,632,-0.16%,-0.03%,NULL,landlocked,none (landlocked),"14.6596, 120.9811 (14° 40' North, 120° 59' East)",22.3 meters (73.2 feet)
166,Caloocan,Barangay 8,1.41%,"23,399","23,766",-1.54%,-0.33%,NULL,landlocked,none (landlocked),"14.6571, 120.9657 (14° 39' North, 120° 58' East)",6.6 meters (21.7 feet)
167,Caloocan,Barangay 80,0.11%,"1,904","1,813",5.02%,1.04%,NULL,landlocked,none (landlocked),"14.6597, 120.9766 (14° 40' North, 120° 59' East)",22.0 meters (72.2 feet)
168,Caloocan,Barangay 81,0.11%,"1,894","2,528",-25.08%,-5.90%,NULL,landlocked,none (landlocked),"14.6594, 120.9847 (14° 40' North, 120° 59' East)",23.7 meters (77.8 feet)
169,Caloocan,Barangay 82,0.11%,"1,758","1,949",-9.80%,-2.15%,NULL,landlocked,none (landlocked),"14.6628, 120.9892 (14° 40' North, 120° 59' East)",16.3 meters (53.5 feet)
170,Caloocan,Barangay 83,0.08%,"1,251","1,347",-7.13%,-1.54%,NULL,landlocked,none (landlocked),"14.6602, 120.9886 (14° 40' North, 120° 59' East)",23.5 meters (77.1 feet)
171,Caloocan,Barangay 84,0.08%,"1,257","1,277",-1.57%,-0.33%,NULL,landlocked,none (landlocked),"14.6598, 120.9868 (14° 40' North, 120° 59' East)",23.1 meters (75.8 feet)
172,Caloocan,Barangay 85,0.06%,989,"1,301",-23.98%,-5.61%,NULL,landlocked,none (landlocked),"14.6586, 120.9896 (14° 40' North, 120° 59' East)",21.9 meters (71.8 feet)
173,Caloocan,Barangay 86,0.07%,"1,109","1,454",-23.73%,-5.54%,NULL,landlocked,none (landlocked),"14.6564, 120.9861 (14° 39' North, 120° 59' East)",23.9 meters (78.4 feet)
174,Caloocan,Barangay 87,0.08%,"1,385","1,310",5.73%,1.18%,NULL,landlocked,none (landlocked),"14.6563, 120.9905 (14° 39' North, 120° 59' East)",22.0 meters (72.2 feet)
175,Caloocan,Barangay 88,0.13%,"2,202","2,488",-11.50%,-2.54%,NULL,landlocked,none (landlocked),"14.6547, 120.9861 (14° 39' North, 120° 59' East)",24.4 meters (80.1 feet)
176,Caloocan,Barangay 89,0.06%,"1,057","1,550",-31.81%,-7.74%,NULL,landlocked,none (landlocked),"14.6544, 120.9894 (14° 39' North, 120° 59' East)",21.5 meters (70.5 feet)
177,Caloocan,Barangay 9,0.11%,"1,866","1,986",-6.04%,-1.30%,NULL,landlocked,none (landlocked),"14.6532, 120.9739 (14° 39' North, 120° 58' East)",17.1 meters (56.1 feet)
178,Caloocan,Barangay 90,0.09%,"1,518","1,429",6.23%,1.28%,NULL,landlocked,none (landlocked),"14.6537, 120.9863 (14° 39' North, 120° 59' East)",22.7 meters (74.5 feet)
179,Caloocan,Barangay 91,0.04%,610,598,2.01%,0.42%,NULL,landlocked,none (landlocked),"14.6524, 120.9864 (14° 39' North, 120° 59' East)",22.8 meters (74.8 feet)
180,Caloocan,Barangay 92,0.04%,620,610,1.64%,0.34%,NULL,landlocked,none (landlocked),"14.6547, 120.9908 (14° 39' North, 120° 59' East)",21.4 meters (70.2 feet)
181,Caloocan,Barangay 93,0.20%,"3,267","3,248",0.58%,0.12%,NULL,landlocked,none (landlocked),"14.6519, 120.9907 (14° 39' North, 120° 59' East)",22.6 meters (74.1 feet)
182,Caloocan,Barangay 94,0.05%,776,927,-16.29%,-3.67%,NULL,landlocked,none (landlocked),"14.6565, 120.9942 (14° 39' North, 120° 60' East)",23.5 meters (77.1 feet)
183,Caloocan,Barangay 95,0.13%,"2,242","2,784",-19.47%,-4.46%,NULL,landlocked,none (landlocked),"14.6563, 120.9973 (14° 39' North, 120° 60' East)",28.4 meters (93.2 feet)
184,Caloocan,Barangay 96,0.08%,"1,366","1,540",-11.30%,-2.49%,NULL,landlocked,none (landlocked),"14.6543, 120.9932 (14° 39' North, 120° 60' East)",23.1 meters (75.8 feet)
185,Caloocan,Barangay 97,0.09%,"1,537","1,654",-7.07%,-1.53%,NULL,landlocked,none (landlocked),"14.6526, 120.9930 (14° 39' North, 120° 60' East)",23.8 meters (78.1 feet)
186,Caloocan,Barangay 98,0.11%,"1,761","2,182",-19.29%,-4.41%,NULL,landlocked,none (landlocked),"14.6522, 120.9945 (14° 39' North, 120° 60' East)",26.1 meters (85.6 feet)
187,Caloocan,Barangay 99,0.04%,677,772,-12.31%,-2.73%,NULL,landlocked,none (landlocked),"14.6549, 120.9972 (14° 39' North, 120° 60' East)",23.1 meters (75.8 feet)
0,Las Piñas,Almanza Dos,6.17%,"37,432","37,595",-0.43%,-0.09%,NULL,coastal,Manila Bay [South China Sea],"14.4023, 121.0059 (14° 24' North, 121° 0' East)",43.5 meters (142.7 feet)
1,Las Piñas,Almanza Uno,5.98%,"36,232","30,405",19.16%,3.76%,NULL,coastal,Manila Bay [South China Sea],"14.4330, 121.0132 (14° 26' North, 121° 1' East)",35.7 meters (117.1 feet)
2,Las Piñas,B. F. International Village,13.48%,"81,739","77,264",5.79%,1.19%,NULL,coastal,Manila Bay [South China Sea],"14.4568, 120.9981 (14° 27' North, 120° 60' East)",18.9 meters (62.0 feet)
3,Las Piñas,Daniel Fajardo,1.75%,"10,629","10,425",1.96%,0.41%,NULL,coastal,Manila Bay [South China Sea],"14.4809, 120.9816 (14° 29' North, 120° 59' East)",10.9 meters (35.8 feet)
4,Las Piñas,Elias Aldana,1.69%,"10,275","10,402",-1.22%,-0.26%,NULL,coastal,Manila Bay [South China Sea],"14.4773, 120.9795 (14° 29' North, 120° 59' East)",7.7 meters (25.3 feet)
5,Las Piñas,Ilaya,1.17%,"7,103","6,055",17.31%,3.42%,NULL,coastal,Manila Bay [South China Sea],"14.4780, 120.9807 (14° 29' North, 120° 59' East)",7.0 meters (23.0 feet)
6,Las Piñas,Manuyo Dos,7.32%,"44,351","37,007",19.84%,3.88%,NULL,coastal,Manila Bay [South China Sea],"14.4711, 120.9917 (14° 28' North, 120° 60' East)",10.6 meters (34.8 feet)
7,Las Piñas,Manuyo Uno,2.44%,"14,794","15,405",-3.97%,-0.85%,NULL,coastal,Manila Bay [South China Sea],"14.4830, 120.9845 (14° 29' North, 120° 59' East)",7.8 meters (25.6 feet)
8,Las Piñas,Pamplona Dos,1.51%,"9,141","10,765",-15.09%,-3.38%,NULL,coastal,Manila Bay [South China Sea],"14.4496, 120.9751 (14° 27' North, 120° 59' East)",11.6 meters (38.1 feet)
9,Las Piñas,Pamplona Tres,5.79%,"35,098","35,612",-1.44%,-0.31%,NULL,coastal,Manila Bay [South China Sea],"14.4556, 120.9837 (14° 27' North, 120° 59' East)",11.1 meters (36.4 feet)
10,Las Piñas,Pamplona Uno,3.15%,"19,085","18,577",2.73%,0.57%,NULL,coastal,Manila Bay [South China Sea],"14.4584, 120.9704 (14° 28' North, 120° 58' East)",10.0 meters (32.8 feet)
11,Las Piñas,Pilar,4.91%,"29,780","31,459",-5.34%,-1.15%,NULL,coastal,Manila Bay [South China Sea],"14.4208, 121.0086 (14° 25' North, 121° 1' East)",36.7 meters (120.4 feet)
12,Las Piñas,Pulang Lupa Dos,5.36%,"32,485","33,171",-2.07%,-0.44%,NULL,coastal,Manila Bay [South China Sea],"14.4603, 120.9810 (14° 28' North, 120° 59' East)",11.6 meters (38.1 feet)
13,Las Piñas,Pulang Lupa Uno,6.33%,"38,405","31,401",22.31%,4.33%,NULL,coastal,Manila Bay [South China Sea],"14.4711, 120.9775 (14° 28' North, 120° 59' East)",7.7 meters (25.3 feet)
14,Las Piñas,Talon Dos,7.25%,"43,978","53,091",-17.16%,-3.89%,NULL,coastal,Manila Bay [South China Sea],"14.4405, 120.9913 (14° 26' North, 120° 59' East)",23.4 meters (76.8 feet)
15,Las Piñas,Talon Kuatro,3.42%,"20,763","21,420",-3.07%,-0.65%,NULL,coastal,Manila Bay [South China Sea],"14.4336, 120.9976 (14° 26' North, 120° 60' East)",22.0 meters (72.2 feet)
16,Las Piñas,Talon Singko,6.38%,"38,684","45,374",-14.74%,-3.30%,NULL,coastal,Manila Bay [South China Sea],"14.4233, 120.9959 (14° 25' North, 120° 60' East)",33.1 meters (108.6 feet)
17,Las Piñas,Talon Tres,5.44%,"32,963","27,874",18.26%,3.59%,NULL,coastal,Manila Bay [South China Sea],"14.4423, 121.0013 (14° 27' North, 121° 0' East)",22.5 meters (73.8 feet)
18,Las Piñas,Talon Uno,7.01%,"42,505","34,821",22.07%,4.29%,NULL,coastal,Manila Bay [South China Sea],"14.4384, 121.0028 (14° 26' North, 121° 0' East)",25.9 meters (85.0 feet)
19,Las Piñas,Zapote,3.44%,"20,851","20,771",0.39%,0.08%,NULL,coastal,Manila Bay [South China Sea],"14.4652, 120.9682 (14° 28' North, 120° 58' East)",9.4 meters (30.8 feet)
0,Makati,Bangkal,2.79%,"17,576","21,650",-18.82%,-4.29%,NULL,landlocked,none (landlocked),"14.5465, 121.0122 (14° 33' North, 121° 1' East)",10.7 meters (35.1 feet)
1,Makati,Bel-Air,5.72%,"36,007","23,685",52.02%,9.22%,NULL,landlocked,none (landlocked),"14.5606, 121.0216 (14° 34' North, 121° 1' East)",39.6 meters (129.9 feet)
2,Makati,Carmona,0.44%,"2,745","3,109",-11.71%,-2.59%,NULL,landlocked,none (landlocked),"14.5776, 121.0184 (14° 35' North, 121° 1' East)",10.0 meters (32.8 feet)
3,Makati,Cembo,3.98%,"25,049","26,213",-4.44%,-0.95%,NULL,landlocked,none (landlocked),"14.5632, 121.0518 (14° 34' North, 121° 3' East)",20.4 meters (66.9 feet)
4,Makati,Comembo,2.51%,"15,805","16,818",-6.02%,-1.30%,NULL,landlocked,none (landlocked),"14.5489, 121.0653 (14° 33' North, 121° 4' East)",9.0 meters (29.5 feet)
5,Makati,Dasmariñas,0.66%,"4,160","5,589",-25.57%,-6.03%,NULL,landlocked,none (landlocked),"14.5414, 121.0261 (14° 32' North, 121° 2' East)",20.2 meters (66.3 feet)
6,Makati,East Rembo,4.20%,"26,448","28,114",-5.93%,-1.28%,NULL,landlocked,none (landlocked),"14.5515, 121.0624 (14° 33' North, 121° 4' East)",9.1 meters (29.9 feet)
7,Makati,Forbes Park,0.59%,"3,715","2,335",59.10%,10.27%,NULL,landlocked,none (landlocked),"14.5512, 121.0352 (14° 33' North, 121° 2' East)",23.7 meters (77.8 feet)
8,Makati,Guadalupe Nuevo,3.26%,"20,533","18,341",11.95%,2.40%,NULL,landlocked,none (landlocked),"14.5611, 121.0448 (14° 34' North, 121° 3' East)",18.3 meters (60.0 feet)
9,Makati,Guadalupe Viejo,2.05%,"12,900","13,415",-3.84%,-0.82%,NULL,landlocked,none (landlocked),"14.5645, 121.0399 (14° 34' North, 121° 2' East)",8.0 meters (26.2 feet)
10,Makati,Kasilawan,0.77%,"4,827","5,881",-17.92%,-4.07%,NULL,landlocked,none (landlocked),"14.5757, 121.0156 (14° 35' North, 121° 1' East)",6.5 meters (21.3 feet)
11,Makati,La Paz,1.01%,"6,346","7,356",-13.73%,-3.06%,NULL,landlocked,none (landlocked),"14.5682, 121.0076 (14° 34' North, 121° 0' East)",6.3 meters (20.7 feet)
12,Makati,Magallanes,0.84%,"5,267","5,672",-7.14%,-1.55%,NULL,landlocked,none (landlocked),"14.5359, 121.0179 (14° 32' North, 121° 1' East)",9.1 meters (29.9 feet)
13,Makati,Olympia,2.96%,"18,654","20,251",-7.89%,-1.71%,NULL,landlocked,none (landlocked),"14.5719, 121.0211 (14° 34' North, 121° 1' East)",8.1 meters (26.6 feet)
14,Makati,Palanan,1.85%,"11,623","14,110",-17.63%,-4.00%,NULL,landlocked,none (landlocked),"14.5603, 121.0049 (14° 34' North, 121° 0' East)",5.8 meters (19.0 feet)
15,Makati,Pembo,7.07%,"44,506","48,275",-7.81%,-1.70%,NULL,landlocked,none (landlocked),"14.5467, 121.0616 (14° 33' North, 121° 4' East)",11.8 meters (38.7 feet)
16,Makati,Pinagkaisahan,0.75%,"4,710","5,739",-17.93%,-4.07%,NULL,landlocked,none (landlocked),"14.5582, 121.0408 (14° 33' North, 121° 2' East)",16.8 meters (55.1 feet)
17,Makati,Pio del Pilar,8.06%,"50,722","30,732",65.05%,11.12%,NULL,landlocked,none (landlocked),"14.5525, 121.0117 (14° 33' North, 121° 1' East)",9.8 meters (32.2 feet)
18,Makati,Pitogo,2.33%,"14,654","14,395",1.80%,0.38%,NULL,landlocked,none (landlocked),"14.5566, 121.0462 (14° 33' North, 121° 3' East)",27.3 meters (89.6 feet)
19,Makati,Poblacion,2.65%,"16,706","25,393",-34.21%,-8.44%,NULL,landlocked,none (landlocked),"14.5674, 121.0319 (14° 34' North, 121° 2' East)",12.9 meters (42.3 feet)
20,Makati,Post Proper Northside,9.20%,"57,940","28,572",102.79%,16.05%,NULL,landlocked,none (landlocked),"14.5548, 121.0510 (14° 33' North, 121° 3' East)",29.7 meters (97.4 feet)
21,Makati,Post Proper Southside,10.06%,"63,308","52,428",20.75%,4.05%,NULL,landlocked,none (landlocked),"14.5405, 121.0502 (14° 32' North, 121° 3' East)",47.6 meters (156.2 feet)
22,Makati,Rizal,7.07%,"44,536","42,635",4.46%,0.92%,NULL,landlocked,none (landlocked),"14.5385, 121.0609 (14° 32' North, 121° 4' East)",7.9 meters (25.9 feet)
23,Makati,San Antonio,2.78%,"17,494","16,840",3.88%,0.81%,NULL,landlocked,none (landlocked),"14.5623, 121.0084 (14° 34' North, 121° 1' East)",4.9 meters (16.1 feet)
24,Makati,San Isidro,0.97%,"6,098","8,045",-24.20%,-5.67%,NULL,landlocked,none (landlocked),"14.5539, 121.0053 (14° 33' North, 121° 0' East)",8.2 meters (26.9 feet)
25,Makati,San Lorenzo,2.23%,"14,054","12,995",8.15%,1.66%,NULL,landlocked,none (landlocked),"14.5516, 121.0218 (14° 33' North, 121° 1' East)",8.2 meters (26.9 feet)
26,Makati,Santa Cruz,1.01%,"6,333","7,207",-12.13%,-2.68%,NULL,landlocked,none (landlocked),"14.5678, 121.0154 (14° 34' North, 121° 1' East)",9.7 meters (31.8 feet)
27,Makati,Singkamas,1.15%,"7,218","7,370",-2.06%,-0.44%,NULL,landlocked,none (landlocked),"14.5725, 121.0110 (14° 34' North, 121° 1' East)",8.8 meters (28.9 feet)
28,Makati,South Cembo,2.38%,"14,978","15,103",-0.83%,-0.17%,NULL,landlocked,none (landlocked),"14.5592, 121.0496 (14° 34' North, 121° 3' East)",21.9 meters (71.8 feet)
29,Makati,Tejeros,2.40%,"15,122","13,696",10.41%,2.11%,NULL,landlocked,none (landlocked),"14.5745, 121.0138 (14° 34' North, 121° 1' East)",7.4 meters (24.3 feet)
30,Makati,Urdaneta,0.72%,"4,563","4,429",3.03%,0.63%,NULL,landlocked,none (landlocked),"14.5554, 121.0296 (14° 33' North, 121° 2' East)",14.3 meters (46.9 feet)
31,Makati,Valenzuela,0.85%,"5,370","6,310",-14.90%,-3.34%,NULL,landlocked,none (landlocked),"14.5719, 121.0243 (14° 34' North, 121° 1' East)",9.7 meters (31.8 feet)
32,Makati,West Rembo,4.71%,"29,649","29,899",-0.84%,-0.18%,NULL,landlocked,none (landlocked),"14.5597, 121.0629 (14° 34' North, 121° 4' East)",11.8 meters (38.7 feet)
0,Malabon,Acacia,1.30%,"4,959","5,127",-3.28%,-0.70%,NULL,landlocked,none (landlocked),"14.6678, 120.9688 (14° 40' North, 120° 58' East)",10.6 meters (34.8 feet)
1,Malabon,Baritan,3.19%,"12,148","10,193",19.18%,3.76%,NULL,landlocked,none (landlocked),"14.6721, 120.9470 (14° 40' North, 120° 57' East)",4.8 meters (15.7 feet)
2,Malabon,Bayan-bayanan,1.76%,"6,705","6,702",0.04%,0.01%,NULL,landlocked,none (landlocked),"14.6756, 120.9456 (14° 41' North, 120° 57' East)",4.9 meters (16.1 feet)
3,Malabon,Catmon,11.79%,"44,868","39,466",13.69%,2.74%,NULL,landlocked,none (landlocked),"14.6700, 120.9602 (14° 40' North, 120° 58' East)",5.4 meters (17.7 feet)
4,Malabon,Concepcion,3.34%,"12,704","13,311",-4.56%,-0.98%,NULL,landlocked,none (landlocked),"14.6689, 120.9471 (14° 40' North, 120° 57' East)",8.0 meters (26.2 feet)
5,Malabon,Dampalit,3.55%,"13,514","12,124",11.46%,2.31%,NULL,landlocked,none (landlocked),"14.6944, 120.9324 (14° 42' North, 120° 56' East)",4.8 meters (15.7 feet)
6,Malabon,Flores,1.01%,"3,830","4,060",-5.67%,-1.22%,NULL,landlocked,none (landlocked),"14.6743, 120.9429 (14° 40' North, 120° 57' East)",7.6 meters (24.9 feet)
7,Malabon,Hulong Duhat,3.13%,"11,892","11,957",-0.54%,-0.11%,NULL,landlocked,none (landlocked),"14.6780, 120.9420 (14° 41' North, 120° 57' East)",5.6 meters (18.4 feet)
8,Malabon,Ibaba,2.11%,"8,041","8,471",-5.08%,-1.09%,NULL,landlocked,none (landlocked),"14.6645, 120.9507 (14° 40' North, 120° 57' East)",5.2 meters (17.1 feet)
9,Malabon,Longos,14.57%,"55,424","53,549",3.50%,0.73%,NULL,landlocked,none (landlocked),"14.6539, 120.9607 (14° 39' North, 120° 58' East)",6.4 meters (21.0 feet)
10,Malabon,Maysilo,2.74%,"10,445","11,262",-7.25%,-1.57%,NULL,landlocked,none (landlocked),"14.6798, 120.9613 (14° 41' North, 120° 58' East)",6.5 meters (21.3 feet)
11,Malabon,Muzon,1.55%,"5,908","5,668",4.23%,0.88%,NULL,landlocked,none (landlocked),"14.6758, 120.9498 (14° 41' North, 120° 57' East)",3.1 meters (10.2 feet)
12,Malabon,Niugan,1.89%,"7,192","6,232",15.40%,3.06%,NULL,landlocked,none (landlocked),"14.6672, 120.9553 (14° 40' North, 120° 57' East)",5.1 meters (16.7 feet)
13,Malabon,Panghulo,4.66%,"17,746","15,102",17.51%,3.45%,NULL,landlocked,none (landlocked),"14.6872, 120.9547 (14° 41' North, 120° 57' East)",4.9 meters (16.1 feet)
14,Malabon,Potrero,11.12%,"42,311","42,768",-1.07%,-0.23%,NULL,landlocked,none (landlocked),"14.6630, 120.9833 (14° 40' North, 120° 59' East)",23.3 meters (76.4 feet)
15,Malabon,San Agustin,2.84%,"10,804","11,195",-3.49%,-0.75%,NULL,landlocked,none (landlocked),"14.6614, 120.9508 (14° 40' North, 120° 57' East)",6.7 meters (22.0 feet)
16,Malabon,Santolan,3.54%,"13,461","13,769",-2.24%,-0.48%,NULL,landlocked,none (landlocked),"14.6861, 120.9592 (14° 41' North, 120° 58' East)",5.4 meters (17.7 feet)
17,Malabon,Tañong,3.80%,"14,461","14,404",0.40%,0.08%,NULL,landlocked,none (landlocked),"14.6546, 120.9535 (14° 39' North, 120° 57' East)",5.5 meters (18.0 feet)
18,Malabon,Tinajeros,4.84%,"18,411","18,228",1.00%,0.21%,NULL,landlocked,none (landlocked),"14.6709, 120.9696 (14° 40' North, 120° 58' East)",8.8 meters (28.9 feet)
19,Malabon,Tonsuya,10.56%,"40,172","38,019",5.66%,1.17%,NULL,landlocked,none (landlocked),"14.6629, 120.9586 (14° 40' North, 120° 58' East)",7.6 meters (24.9 feet)
20,Malabon,Tugatog,6.71%,"25,526","23,918",6.72%,1.38%,NULL,landlocked,none (landlocked),"14.6641, 120.9694 (14° 40' North, 120° 58' East)",12.0 meters (39.4 feet)
0,Mandaluyong,Addition Hills,25.58%,"108,896","99,058",9.93%,2.01%,NULL,landlocked,none (landlocked),"14.5852, 121.0348 (14° 35' North, 121° 2' East)",15.0 meters (49.2 feet)
1,Mandaluyong,Bagong Silang,1.16%,"4,939","5,572",-11.36%,-2.51%,NULL,landlocked,none (landlocked),"14.5913, 121.0301 (14° 35' North, 121° 2' East)",9.6 meters (31.5 feet)
2,Mandaluyong,Barangka Drive,3.63%,"15,474","13,310",16.26%,3.22%,NULL,landlocked,none (landlocked),"14.5700, 121.0362 (14° 34' North, 121° 2' East)",8.8 meters (28.9 feet)
3,Mandaluyong,Barangka Ibaba,2.12%,"9,040","9,540",-5.24%,-1.13%,NULL,landlocked,none (landlocked),"14.5697, 121.0392 (14° 34' North, 121° 2' East)",12.5 meters (41.0 feet)
4,Mandaluyong,Barangka Ilaya,5.25%,"22,334","17,896",24.80%,4.77%,NULL,landlocked,none (landlocked),"14.5691, 121.0449 (14° 34' North, 121° 3' East)",13.5 meters (44.3 feet)
5,Mandaluyong,Barangka Itaas,2.64%,"11,242","11,252",-0.09%,-0.02%,NULL,landlocked,none (landlocked),"14.5703, 121.0418 (14° 34' North, 121° 3' East)",19.4 meters (63.6 feet)
6,Mandaluyong,Buayang Bato,0.68%,"2,913","1,782",63.47%,10.90%,NULL,landlocked,none (landlocked),"14.5687, 121.0510 (14° 34' North, 121° 3' East)",8.0 meters (26.2 feet)
7,Mandaluyong,Burol,0.62%,"2,650","2,740",-3.28%,-0.70%,NULL,landlocked,none (landlocked),"14.5897, 121.0276 (14° 35' North, 121° 2' East)",17.0 meters (55.8 feet)
8,Mandaluyong,Daang Bakal,1.06%,"4,529","3,660",23.74%,4.59%,NULL,landlocked,none (landlocked),"14.5933, 121.0280 (14° 36' North, 121° 2' East)",10.1 meters (33.1 feet)
9,Mandaluyong,Hagdang Bato Itaas,2.41%,"10,267","10,314",-0.46%,-0.10%,NULL,landlocked,none (landlocked),"14.5883, 121.0309 (14° 35' North, 121° 2' East)",15.1 meters (49.5 feet)
10,Mandaluyong,Hagdang Bato Libis,1.58%,"6,715","6,962",-3.55%,-0.76%,NULL,landlocked,none (landlocked),"14.5891, 121.0342 (14° 35' North, 121° 2' East)",13.1 meters (43.0 feet)
11,Mandaluyong,Harapin Ang Bukas,1.00%,"4,244","4,496",-5.60%,-1.21%,NULL,landlocked,none (landlocked),"14.5920, 121.0262 (14° 36' North, 121° 2' East)",7.0 meters (23.0 feet)
12,Mandaluyong,Highway Hills,10.16%,"43,267","28,703",50.74%,9.02%,NULL,landlocked,none (landlocked),"14.5813, 121.0488 (14° 35' North, 121° 3' East)",34.5 meters (113.2 feet)
13,Mandaluyong,Hulo,7.36%,"31,335","27,515",13.88%,2.77%,NULL,landlocked,none (landlocked),"14.5703, 121.0323 (14° 34' North, 121° 2' East)",5.9 meters (19.4 feet)
14,Mandaluyong,Mabini-J. Rizal,1.85%,"7,882","7,628",3.33%,0.69%,NULL,landlocked,none (landlocked),"14.5858, 121.0211 (14° 35' North, 121° 1' East)",8.0 meters (26.2 feet)
15,Mandaluyong,Malamig,2.83%,"12,054","12,667",-4.84%,-1.04%,NULL,landlocked,none (landlocked),"14.5751, 121.0465 (14° 35' North, 121° 3' East)",30.0 meters (98.4 feet)
16,Mandaluyong,Mauway,6.06%,"25,800","29,103",-11.35%,-2.50%,NULL,landlocked,none (landlocked),"14.5814, 121.0438 (14° 35' North, 121° 3' East)",24.7 meters (81.0 feet)
17,Mandaluyong,Namayan,1.80%,"7,670","6,123",25.27%,4.86%,NULL,landlocked,none (landlocked),"14.5798, 121.0208 (14° 35' North, 121° 1' East)",7.0 meters (23.0 feet)
18,Mandaluyong,New Zañiga,1.98%,"8,444","7,534",12.08%,2.43%,NULL,landlocked,none (landlocked),"14.5833, 121.0286 (14° 35' North, 121° 2' East)",6.4 meters (21.0 feet)
19,Mandaluyong,Old Zañiga,1.56%,"6,636","7,013",-5.38%,-1.16%,NULL,landlocked,none (landlocked),"14.5800, 121.0268 (14° 35' North, 121° 2' East)",7.9 meters (25.9 feet)
20,Mandaluyong,Pag-asa,0.99%,"4,195","4,053",3.50%,0.73%,NULL,landlocked,none (landlocked),"14.5897, 121.0241 (14° 35' North, 121° 1' East)",9.4 meters (30.8 feet)
21,Mandaluyong,Plainview,6.90%,"29,378","26,575",10.55%,2.13%,NULL,landlocked,none (landlocked),"14.5766, 121.0367 (14° 35' North, 121° 2' East)",10.9 meters (35.8 feet)
22,Mandaluyong,Pleasant Hills,1.41%,"6,003","5,910",1.57%,0.33%,NULL,landlocked,none (landlocked),"14.5867, 121.0416 (14° 35' North, 121° 2' East)",17.8 meters (58.4 feet)
23,Mandaluyong,Poblacion,3.84%,"16,333","14,733",10.86%,2.19%,NULL,landlocked,none (landlocked),"14.5882, 121.0267 (14° 35' North, 121° 2' East)",12.6 meters (41.3 feet)
24,Mandaluyong,San Jose,1.99%,"8,483","7,262",16.81%,3.33%,NULL,landlocked,none (landlocked),"14.5801, 121.0292 (14° 35' North, 121° 2' East)",9.9 meters (32.5 feet)
25,Mandaluyong,Vergara,1.02%,"4,357","5,910",-26.28%,-6.22%,NULL,landlocked,none (landlocked),"14.5770, 121.0246 (14° 35' North, 121° 1' East)",7.2 meters (23.6 feet)
26,Mandaluyong,Wack-wack Greenhills,2.51%,"10,678","8,965",19.11%,3.75%,NULL,landlocked,none (landlocked),"14.5899, 121.0518 (14° 35' North, 121° 3' East)",33.8 meters (110.9 feet)
